#t / s	&J_A11 / âˆžC
0.0	22.3
0.2	22.3
0.4	22.4
0.6	22.4
0.8	22.4
1.0	22.4
1.2	22.4
1.4	22.4
1.6	22.4
1.8	22.4
2.0	22.4
2.2	22.4
2.4	22.4
2.6	22.4
2.8	22.4
3.0	22.4
3.2	22.4
3.4	22.4
3.6	22.3
3.8	22.4
4.0	22.4
4.2	22.4
4.4	22.4
4.6	22.4
4.8	22.3
5.0	22.3
5.2	22.3
5.4	22.3
5.6	22.4
5.8	22.5
6.0	22.4
6.2	22.4
6.4	22.4
6.6	22.4
6.8	22.4
7.0	22.6
7.2	22.6
7.4	22.6
7.6	22.6
7.8	22.6
8.0	22.6
8.2	22.6
8.4	22.6
8.6	22.6
8.8	22.6
9.0	22.6
9.2	22.6
9.4	22.6
9.6	22.6
9.8	22.6
10.0	22.6
10.2	22.6
10.4	22.6
10.6	22.6
10.8	22.6
11.0	22.6
11.2	22.6
11.4	22.6
11.6	22.6
11.8	22.6
12.0	22.6
12.2	22.6
12.4	22.6
12.6	22.6
12.8	22.6
13.0	22.6
13.2	22.6
13.4	22.7
13.6	22.7
13.8	22.7
14.0	22.7
14.2	22.7
14.4	22.7
14.6	22.6
14.8	22.6
15.0	22.7
15.2	22.7
15.4	22.7
15.6	22.7
15.8	22.7
16.0	22.8
16.2	22.7
16.4	22.7
16.6	22.7
16.8	22.7
17.0	22.7
17.2	22.7
17.4	22.7
17.6	22.7
17.8	22.7
18.0	22.7
18.2	22.7
18.4	22.7
18.6	22.6
18.8	22.6
19.0	22.6
19.2	22.6
19.4	22.6
19.6	22.6
19.8	22.6
20.0	22.6
20.2	22.6
20.4	22.6
20.6	22.6
20.8	22.6
21.0	22.6
21.2	22.6
21.4	22.6
21.6	22.6
21.8	22.6
22.0	22.6
22.2	22.6
22.4	22.6
22.6	22.6
22.8	22.6
23.0	22.6
23.2	22.6
23.4	22.6
23.6	22.6
23.8	22.6
24.0	22.6
24.2	22.6
24.4	22.6
24.6	22.6
24.8	22.6
25.0	22.6
25.2	22.6
25.4	22.6
25.6	22.6
25.8	22.6
26.0	22.6
26.2	22.6
26.4	22.7
26.6	22.7
26.8	22.7
27.0	22.7
27.2	22.7
27.4	22.7
27.6	22.6
27.8	22.6
28.0	22.6
28.2	22.6
28.4	22.6
28.6	22.6
28.8	22.6
29.0	22.7
29.2	22.7
29.4	22.7
29.6	22.7
29.8	22.7
30.0	22.7
30.2	22.7
30.4	22.7
30.6	22.7
30.8	22.6
31.0	22.7
31.2	22.7
31.4	22.7
31.6	22.7
31.8	22.6
32.0	22.7
32.2	22.6
32.4	22.7
32.6	22.7
32.8	22.6
33.0	22.6
33.2	22.6
33.4	22.6
33.6	22.6
33.8	22.6
34.0	22.6
34.2	22.7
34.4	22.7
34.6	22.7
34.8	22.7
35.0	22.7
35.2	22.7
35.4	22.6
35.6	22.6
35.8	22.6
36.0	22.6
36.2	22.6
36.4	22.6
36.6	22.6
36.8	22.6
37.0	22.6
37.2	22.6
37.4	22.5
37.6	22.6
37.8	22.6
38.0	22.7
38.2	22.7
38.4	22.7
38.6	22.7
38.8	22.7
39.0	22.7
39.2	22.7
39.4	22.7
39.6	22.7
39.8	22.7
40.0	22.7
40.2	22.7
40.4	22.7
40.6	22.6
40.8	22.6
41.0	22.6
41.2	22.6
41.4	22.6
41.6	22.6
41.8	22.6
42.0	22.7
42.2	22.7
42.4	22.7
42.6	22.7
42.8	22.7
43.0	22.7
43.2	22.7
43.4	22.7
43.6	22.7
43.8	22.7
44.0	22.7
44.2	22.7
44.4	22.7
44.6	22.7
44.8	22.7
45.0	22.7
45.2	22.7
45.4	22.7
45.6	22.7
45.8	22.5
46.0	22.6
46.2	22.6
46.4	22.6
46.6	22.5
46.8	22.5
47.0	22.5
47.2	22.6
47.4	22.7
47.6	22.6
47.8	22.6
48.0	22.6
48.2	22.6
48.4	22.6
48.6	22.6
48.8	22.6
49.0	22.6
49.2	22.6
49.4	22.6
49.6	22.6
49.8	22.6
50.0	22.6
50.2	22.6
50.4	22.6
50.6	22.6
50.8	22.6
51.0	22.6
51.2	22.6
51.4	22.6
51.6	22.6
51.8	22.6
52.0	22.6
52.2	22.6
52.4	22.6
52.6	22.6
52.8	22.6
53.0	22.6
53.2	22.6
53.4	22.6
53.6	22.6
53.8	22.6
54.0	22.6
54.2	22.6
54.4	22.6
54.6	22.6
54.8	22.6
55.0	22.5
55.2	22.5
55.4	22.5
55.6	22.5
55.8	22.5
56.0	22.5
56.2	22.5
56.4	22.5
56.6	22.5
56.8	22.5
57.0	22.5
57.2	22.5
57.4	22.5
57.6	22.6
57.8	22.6
58.0	22.6
58.2	22.6
58.4	22.6
58.6	22.6
58.8	22.6
59.0	22.6
59.2	22.6
59.4	22.6
59.6	22.6
59.8	22.6
60.0	22.6
60.2	22.6
60.4	22.6
60.6	22.6
60.8	22.6
61.0	22.6
61.2	22.6
61.4	22.6
61.6	22.6
61.8	22.6
62.0	22.6
62.2	22.6
62.4	22.6
62.6	22.6
62.8	22.6
63.0	22.6
63.2	22.6
63.4	22.6
63.6	22.6
63.8	22.6
64.0	22.5
64.2	22.6
64.4	22.5
64.6	22.5
64.8	22.5
65.0	22.5
65.2	22.5
65.4	22.4
65.6	22.5
65.8	22.5
66.0	22.5
66.2	22.5
66.4	22.6
66.6	22.6
66.8	22.6
67.0	22.6
67.2	22.6
67.4	22.6
67.6	22.6
67.8	22.6
68.0	22.6
68.2	22.6
68.4	22.6
68.6	22.6
68.8	22.6
69.0	22.6
69.2	22.6
69.4	22.6
69.6	22.6
69.8	22.6
70.0	22.6
70.2	22.6
70.4	22.6
70.6	22.6
70.8	22.6
71.0	22.6
71.2	22.6
71.4	22.6
71.6	22.6
71.8	22.6
72.0	22.6
72.2	22.6
72.4	22.6
72.6	22.6
72.8	22.6
73.0	22.6
73.2	22.6
73.4	22.5
73.6	22.6
73.8	22.6
74.0	22.6
74.2	22.5
74.4	22.5
74.6	22.6
74.8	22.6
75.0	22.5
75.2	22.5
75.4	22.5
75.6	22.5
75.8	22.5
76.0	22.5
76.2	22.5
76.4	22.5
76.6	22.5
76.8	22.5
77.0	22.5
77.2	22.5
77.4	22.5
77.6	22.5
77.8	22.5
78.0	22.5
78.2	22.6
78.4	22.6
78.6	22.6
78.8	22.6
79.0	22.6
79.2	22.6
79.4	22.5
79.6	22.5
79.8	22.5
80.0	22.4
80.2	22.5
80.4	22.5
80.6	22.5
80.8	22.5
81.0	22.5
81.2	22.5
81.4	22.5
81.6	22.5
81.8	22.5
82.0	22.5
82.2	22.5
82.4	22.5
82.6	22.5
82.8	22.5
83.0	22.5
83.2	22.5
83.4	22.5
83.6	22.5
83.8	22.5
84.0	22.5
84.2	22.5
84.4	22.5
84.6	22.5
84.8	22.5
85.0	22.5
85.2	22.5
85.4	22.5
85.6	22.5
85.8	22.5
86.0	22.4
86.2	22.4
86.4	22.4
86.6	22.4
86.8	22.4
87.0	22.4
87.2	22.4
87.4	22.4
87.6	22.4
87.8	22.4
88.0	22.4
88.2	22.4
88.4	22.4
88.6	22.3
88.8	22.4
89.0	22.3
89.2	22.3
89.4	22.3
89.6	22.3
89.8	22.4
90.0	22.4
90.2	22.4
90.4	22.4
90.6	22.4
90.8	22.4
91.0	22.4
91.2	22.2
91.4	22.2
91.6	22.2
91.8	22.2
92.0	22.2
92.2	22.2
92.4	22.2
92.6	22.2
92.8	22.2
93.0	22.2
93.2	22.2
93.4	22.2
93.6	22.2
93.8	22.4
94.0	22.3
94.2	22.3
94.4	22.3
94.6	22.3
94.8	22.3
95.0	22.1
95.2	22.1
95.4	22.1
95.6	22.1
95.8	22.1
96.0	22.1
96.2	22.1
96.4	22.1
96.6	22.1
96.8	22.1
97.0	22.1
97.2	22.1
97.4	22.1
97.6	22.1
97.8	22.0
98.0	22.1
98.2	22.0
98.4	22.0
98.6	22.0
98.8	22.0
99.0	22.1
99.2	22.1
99.4	22.1
99.6	22.1
99.8	22.1
100.0	22.1
100.2	22.0
100.4	22.0
100.6	22.0
100.8	22.0
101.0	22.0
101.2	22.0
101.4	22.0
101.6	21.8
101.8	21.8
102.0	21.8
102.2	21.8
102.4	21.8
102.6	21.8
102.8	21.8
103.0	21.7
103.2	21.7
103.4	21.6
103.6	21.7
103.8	21.7
104.0	21.7
104.2	21.7
104.4	21.6
104.6	21.6
104.8	21.6
105.0	21.6
105.2	21.6
105.4	21.6
105.6	21.6
105.8	21.5
106.0	21.5
106.2	21.5
106.4	21.5
106.6	21.5
106.8	21.6
107.0	21.6
107.2	21.6
107.4	21.5
107.6	21.5
107.8	21.5
108.0	21.6
108.2	21.6
108.4	21.6
108.6	21.6
108.8	21.5
109.0	21.5
109.2	21.5
109.4	21.3
109.6	21.3
109.8	21.3
110.0	21.2
110.2	21.2
110.4	21.2
110.6	21.3
110.8	21.3
111.0	21.3
111.2	21.2
111.4	21.2
111.6	21.2
111.8	21.2
112.0	21.2
112.2	21.2
112.4	21.1
112.6	21.1
112.8	21.1
113.0	21.1
113.2	21.2
113.4	21.2
113.6	21.1
113.8	21.1
114.0	21.1
114.2	21.1
114.4	21.1
114.6	21.1
114.8	21.0
115.0	21.0
115.2	21.0
115.4	21.0
115.6	21.0
115.8	20.9
116.0	20.8
116.2	20.8
116.4	20.8
116.6	20.8
116.8	20.8
117.0	20.8
117.2	20.7
117.4	20.7
117.6	20.7
117.8	20.7
118.0	20.6
118.2	20.6
118.4	20.7
118.6	20.7
118.8	20.6
119.0	20.6
119.2	20.6
119.4	20.6
119.6	20.6
119.8	20.5
120.0	20.5
120.2	20.5
120.4	20.5
120.6	20.5
120.8	20.5
121.0	20.5
121.2	20.4
121.4	20.5
121.6	20.5
121.8	20.4
122.0	20.4
122.2	20.4
122.4	20.4
122.6	20.4
122.8	20.3
123.0	20.3
123.2	20.3
123.4	20.3
123.6	20.2
123.8	20.2
124.0	20.2
124.2	20.2
124.4	20.2
124.6	20.2
124.8	20.0
125.0	20.0
125.2	20.0
125.4	20.0
125.6	19.9
125.8	19.9
126.0	19.9
126.2	20.0
126.4	19.9
126.6	19.9
126.8	19.9
127.0	19.9
127.2	19.9
127.4	19.8
127.6	19.8
127.8	19.8
128.0	19.8
128.2	19.7
128.4	19.7
128.6	19.7
128.8	19.8
129.0	19.7
129.2	19.7
129.4	19.7
129.6	19.7
129.8	19.7
130.0	19.4
130.2	19.4
130.4	19.4
130.6	19.3
130.8	19.3
131.0	19.3
131.2	19.3
131.4	19.2
131.6	19.2
131.8	19.2
132.0	19.1
132.2	19.1
132.4	19.1
132.6	19.2
132.8	19.2
133.0	19.1
133.2	19.1
133.4	19.1
133.6	19.1
133.8	19.1
134.0	19.0
134.2	18.9
134.4	18.9
134.6	18.9
134.8	18.9
135.0	18.9
135.2	18.8
135.4	18.8
135.6	18.8
135.8	18.7
136.0	18.7
136.2	18.7
136.4	18.7
136.6	18.7
136.8	18.7
137.0	18.7
137.2	18.6
137.4	18.6
137.6	18.6
137.8	18.4
138.0	18.4
138.2	18.4
138.4	18.4
138.6	18.3
138.8	18.3
139.0	18.3
139.2	18.4
139.4	18.3
139.6	18.3
139.8	18.3
140.0	18.3
140.2	18.3
140.4	18.2
140.6	18.2
140.8	18.1
141.0	18.1
141.2	18.1
141.4	18.1
141.6	18.1
141.8	18.0
142.0	18.0
142.2	17.9
142.4	17.9
142.6	17.9
142.8	17.9
143.0	17.8
143.2	17.7
143.4	17.7
143.6	17.6
143.8	17.6
144.0	17.6
144.2	17.6
144.4	17.6
144.6	17.6
144.8	17.6
145.0	17.5
145.2	17.5
145.4	17.5
145.6	17.5
145.8	17.4
146.0	17.4
146.2	17.4
146.4	17.3
146.6	17.3
146.8	17.3
147.0	17.3
147.2	17.3
147.4	17.3
147.6	17.2
147.8	17.2
148.0	17.2
148.2	17.1
148.4	17.0
148.6	17.0
148.8	17.0
149.0	17.0
149.2	17.0
149.4	17.0
149.6	16.9
149.8	16.9
150.0	16.8
150.2	16.8
150.4	16.8
150.6	16.8
150.8	16.7
151.0	16.7
151.2	16.6
151.4	16.6
151.6	16.6
151.8	16.6
152.0	16.6
152.2	16.5
152.4	16.4
152.6	16.4
152.8	16.4
153.0	16.4
153.2	16.4
153.4	16.3
153.6	16.3
153.8	16.2
154.0	16.2
154.2	16.2
154.4	16.2
154.6	16.2
154.8	16.1
155.0	16.1
155.2	16.0
155.4	16.0
155.6	16.0
155.8	16.0
156.0	16.0
156.2	15.9
156.4	15.9
156.6	15.9
156.8	15.9
157.0	15.9
157.2	15.9
157.4	15.6
157.6	15.6
157.8	15.6
158.0	15.5
158.2	15.5
158.4	15.5
158.6	15.5
158.8	15.5
159.0	15.5
159.2	15.5
159.4	15.4
159.6	15.4
159.8	15.4
160.0	15.4
160.2	15.4
160.4	15.4
160.6	15.3
160.8	15.3
161.0	15.3
161.2	15.1
161.4	15.1
161.6	15.1
161.8	15.0
162.0	15.0
162.2	15.0
162.4	15.0
162.6	15.0
162.8	15.0
163.0	15.0
163.2	14.9
163.4	14.9
163.6	14.9
163.8	14.7
164.0	14.7
164.2	14.6
164.4	14.6
164.6	14.6
164.8	14.6
165.0	14.6
165.2	14.5
165.4	14.5
165.6	14.5
165.8	14.5
166.0	14.4
166.2	14.4
166.4	14.4
166.6	14.3
166.8	14.3
167.0	14.2
167.2	14.2
167.4	14.2
167.6	14.2
167.8	14.1
168.0	14.1
168.2	14.0
168.4	14.0
168.6	14.0
168.8	14.0
169.0	13.8
169.2	13.8
169.4	13.7
169.6	13.7
169.8	13.7
170.0	13.7
170.2	13.7
170.4	13.6
170.6	13.6
170.8	13.5
171.0	13.5
171.2	13.5
171.4	13.5
171.6	13.5
171.8	13.5
172.0	13.4
172.2	13.4
172.4	13.4
172.6	13.4
172.8	13.4
173.0	13.1
173.2	13.1
173.4	13.1
173.6	13.0
173.8	13.0
174.0	13.0
174.2	13.0
174.4	12.9
174.6	12.9
174.8	12.8
175.0	12.8
175.2	12.8
175.4	12.8
175.6	12.8
175.8	12.8
176.0	12.8
176.2	12.7
176.4	12.7
176.6	12.7
176.8	12.5
177.0	12.5
177.2	12.5
177.4	12.5
177.6	12.4
177.8	12.4
178.0	12.4
178.2	12.5
178.4	12.5
178.6	12.5
178.8	12.4
179.0	12.4
179.2	12.4
179.4	12.3
179.6	12.3
179.8	12.2
180.0	12.2
180.2	12.2
180.4	12.2
180.6	12.2
180.8	12.0
181.0	12.0
181.2	11.9
181.4	11.9
181.6	11.9
181.8	11.9
182.0	11.9
182.2	11.8
182.4	11.8
182.6	11.8
182.8	11.8
183.0	11.8
183.2	11.8
183.4	11.7
183.6	11.6
183.8	11.6
184.0	11.6
184.2	11.5
184.4	11.5
184.6	11.4
184.8	11.3
185.0	11.3
185.2	11.3
185.4	11.3
185.6	11.3
185.8	11.2
186.0	11.1
186.2	11.1
186.4	11.1
186.6	11.1
186.8	11.1
187.0	11.1
187.2	11.1
187.4	11.0
187.6	11.0
187.8	11.0
188.0	11.0
188.2	10.9
188.4	10.8
188.6	10.8
188.8	10.8
189.0	10.7
189.2	10.7
189.4	10.7
189.6	10.7
189.8	10.6
190.0	10.6
190.2	10.5
190.4	10.5
190.6	10.5
190.8	10.4
191.0	10.3
191.2	10.3
191.4	10.3
191.6	10.2
191.8	10.2
192.0	10.2
192.2	10.3
192.4	10.3
192.6	10.3
192.8	10.2
193.0	10.2
193.2	10.2
193.4	10.1
193.6	10.1
193.8	10.1
194.0	10.0
194.2	10.0
194.4	10.0
194.6	10.0
194.8	9.9
195.0	9.9
195.2	9.8
195.4	9.8
195.6	9.8
195.8	9.8
196.0	9.7
196.2	9.6
196.4	9.6
196.6	9.6
196.8	9.5
197.0	9.5
197.2	9.5
197.4	9.3
197.6	9.3
197.8	9.3
198.0	9.2
198.2	9.2
198.4	9.2
198.6	9.2
198.8	9.2
199.0	9.2
199.2	9.1
199.4	9.1
199.6	9.1
199.8	9.1
200.0	9.0
200.2	9.0
200.4	8.9
200.6	8.9
200.8	8.9
201.0	8.9
201.2	8.8
201.4	8.8
201.6	8.7
201.8	8.7
202.0	8.6
202.2	8.6
202.4	8.6
202.6	8.4
202.8	8.4
203.0	8.4
203.2	8.3
203.4	8.3
203.6	8.3
203.8	8.3
204.0	8.4
204.2	8.3
204.4	8.2
204.6	8.2
204.8	8.2
205.0	8.2
205.2	8.1
205.4	8.1
205.6	8.0
205.8	8.0
206.0	8.0
206.2	8.0
206.4	7.9
206.6	7.8
206.8	7.9
207.0	7.8
207.2	7.8
207.4	7.8
207.6	7.8
207.8	7.7
208.0	7.6
208.2	7.6
208.4	7.6
208.6	7.5
208.8	7.5
209.0	7.5
209.2	7.4
209.4	7.4
209.6	7.4
209.8	7.4
210.0	7.4
210.2	7.4
210.4	7.2
210.6	7.2
210.8	7.2
211.0	7.1
211.2	7.1
211.4	7.1
211.6	7.1
211.8	7.1
212.0	7.0
212.2	7.0
212.4	7.0
212.6	7.0
212.8	7.0
213.0	7.0
213.2	6.9
213.4	6.9
213.6	6.9
213.8	6.9
214.0	6.9
214.2	6.7
214.4	6.7
214.6	6.7
214.8	6.7
215.0	6.6
215.2	6.6
215.4	6.6
215.6	6.5
215.8	6.5
216.0	6.5
216.2	6.4
216.4	6.5
216.6	6.5
216.8	6.5
217.0	6.4
217.2	6.4
217.4	6.4
217.6	6.4
217.8	6.4
218.0	6.4
218.2	6.2
218.4	6.2
218.6	6.1
218.8	6.1
219.0	6.1
219.2	6.1
219.4	6.2
219.6	6.1
219.8	6.1
220.0	6.1
220.2	6.1
220.4	6.1
220.6	6.1
220.8	6.0
221.0	6.0
221.2	6.0
221.4	5.9
221.6	5.9
221.8	5.9
222.0	5.7
222.2	5.7
222.4	5.7
222.6	5.7
222.8	5.7
223.0	5.7
223.2	5.7
223.4	5.7
223.6	5.7
223.8	5.7
224.0	5.6
224.2	5.6
224.4	5.6
224.6	5.4
224.8	5.4
225.0	5.4
225.2	5.4
225.4	5.4
225.6	5.4
225.8	5.4
226.0	5.4
226.2	5.4
226.4	5.4
226.6	5.3
226.8	5.3
227.0	5.3
227.2	5.3
227.4	5.4
227.6	5.3
227.8	5.3
228.0	5.3
228.2	5.3
228.4	5.3
228.6	5.2
228.8	5.3
229.0	5.2
229.2	5.1
229.4	5.1
229.6	5.1
229.8	5.0
230.0	4.9
230.2	4.9
230.4	4.9
230.6	4.9
230.8	4.9
231.0	4.9
231.2	4.9
231.4	4.9
231.6	4.8
231.8	4.8
232.0	4.8
232.2	4.8
232.4	4.6
232.6	4.6
232.8	4.6
233.0	4.5
233.2	4.5
233.4	4.5
233.6	4.5
233.8	4.5
234.0	4.5
234.2	4.5
234.4	4.5
234.6	4.5
234.8	4.5
235.0	4.4
235.2	4.3
235.4	4.3
235.6	4.3
235.8	4.3
236.0	4.3
236.2	4.3
236.4	4.1
236.6	4.2
236.8	4.2
237.0	4.1
237.2	4.1
237.4	4.1
237.6	4.1
237.8	4.0
238.0	4.0
238.2	4.0
238.4	4.0
238.6	4.0
238.8	4.0
239.0	3.9
239.2	3.9
239.4	3.8
239.6	3.8
239.8	3.8
240.0	3.8
240.2	3.5
240.4	3.4
240.6	3.4
240.8	3.4
241.0	3.4
241.2	3.4
241.4	3.4
241.6	3.2
241.8	3.5
242.0	3.4
242.2	3.4
242.4	3.4
242.6	3.4
242.8	3.3
243.0	3.3
243.2	3.3
243.4	3.3
243.6	3.2
243.8	3.2
244.0	3.2
244.2	3.2
244.4	3.2
244.6	3.2
244.8	3.1
245.0	3.1
245.2	3.1
245.4	3.1
245.6	3.0
245.8	3.0
246.0	2.9
246.2	2.9
246.4	2.9
246.6	2.9
246.8	2.7
247.0	2.7
247.2	2.7
247.4	2.6
247.6	2.7
247.8	2.7
248.0	2.6
248.2	2.5
248.4	2.5
248.6	2.5
248.8	2.4
249.0	2.4
249.2	2.4
249.4	2.3
249.6	2.3
249.8	2.3
250.0	2.2
250.2	2.2
250.4	2.2
250.6	2.0
250.8	2.0
251.0	2.0
251.2	2.0
251.4	1.9
251.6	1.9
251.8	1.9
252.0	1.7
252.2	1.8
252.4	1.7
252.6	1.7
252.8	1.6
253.0	1.6
253.2	1.7
253.4	1.6
253.6	1.6
253.8	1.6
254.0	1.6
254.2	1.6
254.4	1.6
254.6	1.4
254.8	1.4
255.0	1.4
255.2	1.3
255.4	1.3
255.6	1.3
255.8	1.3
256.0	1.3
256.2	1.2
256.4	1.2
256.6	1.1
256.8	1.1
257.0	1.1
257.2	1.0
257.4	1.0
257.6	1.0
257.8	1.0
258.0	0.9
258.2	0.9
258.4	0.9
258.6	0.8
258.8	0.8
259.0	0.8
259.2	0.8
259.4	0.8
259.6	0.8
259.8	0.7
260.0	0.6
260.2	0.6
260.4	0.6
260.6	0.6
260.8	0.6
261.0	0.5
261.2	0.4
261.4	0.4
261.6	0.4
261.8	0.4
262.0	0.4
262.2	0.4
262.4	0.3
262.6	0.2
262.8	0.2
263.0	0.2
263.2	0.2
263.4	0.2
263.6	0.0
263.8	0.0
264.0	0.0
264.2	-0.1
264.4	-0.1
264.6	-0.1
264.8	-0.1
265.0	-0.2
265.2	-0.2
265.4	-0.2
265.6	-0.3
265.8	-0.3
266.0	-0.3
266.2	-0.3
266.4	-0.3
266.6	-0.5
266.8	-0.3
267.0	-0.6
267.2	-0.6
267.4	-0.6
267.6	-0.6
267.8	-0.6
268.0	-0.7
268.2	-0.7
268.4	-0.7
268.6	-0.7
268.8	-0.7
269.0	-0.7
269.2	-0.8
269.4	-0.8
269.6	-0.9
269.8	-0.9
270.0	-0.9
270.2	-1.0
270.4	-1.0
270.6	-1.0
270.8	-1.1
271.0	-1.1
271.2	-1.1
271.4	-1.2
271.6	-1.2
271.8	-1.2
272.0	-1.3
272.2	-1.3
272.4	-1.3
272.6	-1.3
272.8	-1.3
273.0	-1.3
273.2	-1.3
273.4	-1.3
273.6	-1.4
273.8	-1.4
274.0	-1.6
274.2	-1.6
274.4	-1.6
274.6	-1.7
274.8	-1.7
275.0	-1.7
275.2	-1.7
275.4	-1.7
275.6	-1.7
275.8	-1.8
276.0	-1.8
276.2	-1.8
276.4	-1.8
276.6	-1.9
276.8	-1.9
277.0	-1.9
277.2	-2.0
277.4	-2.0
277.6	-2.0
277.8	-2.0
278.0	-1.9
278.2	-2.0
278.4	-2.0
278.6	-2.1
278.8	-2.1
279.0	-2.1
279.2	-2.1
279.4	-2.2
279.6	-2.2
279.8	-2.2
280.0	-2.3
280.2	-2.3
280.4	-2.3
280.6	-2.4
280.8	-2.3
281.0	-2.4
281.2	-2.4
281.4	-2.5
281.6	-2.5
281.8	-2.5
282.0	-2.6
282.2	-2.6
282.4	-2.6
282.6	-2.6
282.8	-2.6
283.0	-2.6
283.2	-2.7
283.4	-2.9
283.6	-2.7
283.8	-2.8
284.0	-2.8
284.2	-2.8
284.4	-2.9
284.6	-2.9
284.8	-3.0
285.0	-2.9
285.2	-3.0
285.4	-3.0
285.6	-3.0
285.8	-3.0
286.0	-3.0
286.2	-3.0
286.4	-3.1
286.6	-3.1
286.8	-3.1
287.0	-3.3
287.2	-3.4
287.4	-3.3
287.6	-3.5
287.8	-3.4
288.0	-3.4
288.2	-3.4
288.4	-3.4
288.6	-3.4
288.8	-3.5
289.0	-3.5
289.2	-3.5
289.4	-3.5
289.6	-3.5
289.8	-3.6
290.0	-3.6
290.2	-3.6
290.4	-3.6
290.6	-3.6
290.8	-3.6
291.0	-3.7
291.2	-3.7
291.4	-3.9
291.6	-3.7
291.8	-3.9
292.0	-3.9
292.2	-3.9
292.4	-3.9
292.6	-4.0
292.8	-3.9
293.0	-4.0
293.2	-4.0
293.4	-4.0
293.6	-4.0
293.8	-4.0
294.0	-4.1
294.2	-4.1
294.4	-4.1
294.6	-4.1
294.8	-4.3
295.0	-4.2
295.2	-4.3
295.4	-4.3
295.6	-4.4
295.8	-4.4
296.0	-4.4
296.2	-4.3
296.4	-4.3
296.6	-4.4
296.8	-4.4
297.0	-4.3
297.2	-4.3
297.4	-4.4
297.6	-4.6
297.8	-4.5
298.0	-4.5
298.2	-4.5
298.4	-4.5
298.6	-4.5
298.8	-4.6
299.0	-4.7
299.2	-4.7
299.4	-4.7
299.6	-4.7
299.8	-4.7
300.0	-4.8
300.2	-4.8
300.4	-4.9
300.6	-4.8
300.8	-4.9
301.0	-4.9
301.2	-4.9
301.4	-4.9
301.6	-4.9
301.8	-4.9
302.0	-5.0
302.2	-5.0
302.4	-5.0
302.6	-5.2
302.8	-5.1
303.0	-5.2
303.2	-5.2
303.4	-5.2
303.6	-5.2
303.8	-5.2
304.0	-5.2
304.2	-5.4
304.4	-5.3
304.6	-5.3
304.8	-5.3
305.0	-5.3
305.2	-5.3
305.4	-5.4
305.6	-5.4
305.8	-5.4
306.0	-5.4
306.2	-5.4
306.4	-5.4
306.6	-5.5
306.8	-5.5
307.0	-5.5
307.2	-5.6
307.4	-5.5
307.6	-5.5
307.8	-5.6
308.0	-5.6
308.2	-5.6
308.4	-5.7
308.6	-5.7
308.8	-5.7
309.0	-5.7
309.2	-5.8
309.4	-5.8
309.6	-5.8
309.8	-5.8
310.0	-5.8
310.2	-5.8
310.4	-6.0
310.6	-6.0
310.8	-6.0
311.0	-6.1
311.2	-6.0
311.4	-6.0
311.6	-6.0
311.8	-6.0
312.0	-6.1
312.2	-6.0
312.4	-6.1
312.6	-6.0
312.8	-6.0
313.0	-6.0
313.2	-6.1
313.4	-6.2
313.6	-6.2
313.8	-6.2
314.0	-6.2
314.2	-6.2
314.4	-6.3
314.6	-6.3
314.8	-6.3
315.0	-6.4
315.2	-6.4
315.4	-6.4
315.6	-6.3
315.8	-6.4
316.0	-6.4
316.2	-6.5
316.4	-6.4
316.6	-6.4
316.8	-6.5
317.0	-6.5
317.2	-6.5
317.4	-6.5
317.6	-6.6
317.8	-6.6
318.0	-6.6
318.2	-6.6
318.4	-6.6
318.6	-6.6
318.8	-6.7
319.0	-6.6
319.2	-6.6
319.4	-6.7
319.6	-6.7
319.8	-6.7
320.0	-6.8
320.2	-6.8
320.4	-6.8
320.6	-6.8
320.8	-6.8
321.0	-6.9
321.2	-6.9
321.4	-6.9
321.6	-6.9
321.8	-6.9
322.0	-7.1
322.2	-7.1
322.4	-7.1
322.6	-7.2
322.8	-7.1
323.0	-7.1
323.2	-7.1
323.4	-3.1
323.6	0.7
323.8	1.0
324.0	1.1
324.2	1.1
324.4	1.1
324.6	1.1
324.8	1.1
325.0	1.1
325.2	1.1
325.4	1.1
325.6	1.1
325.8	1.1
326.0	1.0
326.2	1.0
326.4	1.0
326.6	1.0
326.8	1.0
327.0	1.0
327.2	1.0
327.4	1.0
327.6	1.0
327.8	1.0
328.0	1.1
328.2	1.1
328.4	1.1
328.6	1.0
328.8	1.0
329.0	1.0
329.2	1.0
329.4	1.0
329.6	1.0
329.8	1.1
330.0	1.1
330.2	1.1
330.4	1.1
330.6	1.0
330.8	1.0
331.0	1.0
331.2	1.0
331.4	1.0
331.6	1.0
331.8	1.0
332.0	1.0
332.2	1.0
332.4	1.1
332.6	1.1
332.8	1.1
333.0	1.0
333.2	1.1
333.4	1.1
333.6	1.1
333.8	1.1
334.0	1.1
334.2	1.0
334.4	1.1
334.6	1.1
334.8	1.1
335.0	1.1
335.2	1.1
335.4	1.1
335.6	1.1
335.8	1.1
336.0	1.1
336.2	1.1
336.4	1.2
336.6	1.2
336.8	1.2
337.0	1.2
337.2	1.2
337.4	1.2
337.6	1.2
337.8	1.2
338.0	1.1
338.2	1.1
338.4	1.1
338.6	1.1
338.8	1.1
339.0	1.0
339.2	1.0
339.4	1.0
339.6	1.0
339.8	1.1
340.0	1.1
340.2	1.2
340.4	1.1
340.6	1.2
340.8	1.1
341.0	1.1
341.2	1.1
341.4	1.1
341.6	1.0
341.8	1.0
342.0	1.1
342.2	1.0
342.4	1.0
342.6	1.0
342.8	1.2
343.0	1.1
343.2	1.1
343.4	1.2
343.6	1.2
343.8	1.2
344.0	1.2
344.2	1.1
344.4	1.1
344.6	1.0
344.8	1.1
345.0	1.1
345.2	1.1
345.4	1.1
345.6	1.1
345.8	1.1
346.0	1.1
346.2	1.2
346.4	1.2
346.6	1.2
346.8	1.1
347.0	1.1
347.2	1.1
347.4	1.1
347.6	1.1
347.8	1.1
348.0	1.0
348.2	1.1
348.4	1.1
348.6	1.1
348.8	1.1
349.0	1.1
349.2	1.1
349.4	1.1
349.6	1.1
349.8	1.1
350.0	1.0
350.2	1.1
350.4	1.1
350.6	1.1
350.8	1.1
351.0	1.1
351.2	1.1
351.4	1.1
351.6	1.1
351.8	1.1
352.0	1.1
352.2	1.1
352.4	1.1
352.6	1.1
352.8	1.1
353.0	1.1
353.2	1.0
353.4	1.1
353.6	1.1
353.8	1.1
354.0	1.1
354.2	1.1
354.4	1.1
354.6	1.0
354.8	1.1
355.0	1.0
355.2	1.1
355.4	1.1
355.6	1.1
355.8	1.2
356.0	1.2
356.2	1.2
356.4	1.1
356.6	1.2
356.8	1.2
357.0	1.2
357.2	1.2
357.4	1.2
357.6	1.2
357.8	1.2
358.0	1.1
358.2	1.1
358.4	1.1
358.6	1.1
358.8	1.1
359.0	1.1
359.2	1.1
359.4	1.1
359.6	1.1
359.8	1.1
360.0	1.0
360.2	1.1
360.4	1.0
360.6	1.0
360.8	1.0
361.0	1.1
361.2	1.2
361.4	1.2
361.6	1.2
361.8	1.2
362.0	1.2
362.2	1.2
362.4	1.1
362.6	1.0
362.8	1.0
363.0	0.9
363.2	1.0
363.4	1.0
363.6	1.0
363.8	1.0
364.0	1.0
364.2	1.1
364.4	1.0
364.6	1.0
364.8	1.0
365.0	1.0
365.2	1.1
365.4	1.0
365.6	1.1
365.8	1.0
366.0	1.0
366.2	1.1
366.4	1.1
366.6	1.1
366.8	1.1
367.0	1.1
367.2	1.1
367.4	1.1
367.6	1.1
367.8	1.1
368.0	1.1
368.2	1.1
368.4	1.1
368.6	1.1
368.8	1.0
369.0	1.1
369.2	1.0
369.4	1.0
369.6	1.0
369.8	1.0
370.0	1.0
370.2	1.0
370.4	1.0
370.6	1.0
370.8	1.0
371.0	1.0
371.2	1.0
371.4	1.1
371.6	1.1
371.8	0.9
372.0	1.1
372.2	1.1
372.4	1.1
372.6	1.1
372.8	1.1
373.0	1.1
373.2	1.1
373.4	1.1
373.6	1.1
373.8	1.1
374.0	1.1
374.2	1.1
374.4	1.1
374.6	1.1
374.8	1.1
375.0	1.1
375.2	1.1
375.4	1.1
375.6	1.1
375.8	1.1
376.0	1.1
376.2	1.1
376.4	1.2
376.6	1.2
376.8	1.2
377.0	1.1
377.2	1.1
377.4	1.1
377.6	1.1
377.8	1.1
378.0	1.1
378.2	1.1
378.4	1.1
378.6	1.1
378.8	1.1
379.0	1.2
379.2	1.2
379.4	1.2
379.6	1.2
379.8	1.1
380.0	1.1
380.2	1.1
380.4	1.1
380.6	1.1
380.8	1.0
381.0	1.1
381.2	1.1
381.4	1.1
381.6	1.1
381.8	1.0
382.0	1.1
382.2	1.1
382.4	1.1
382.6	1.1
382.8	1.1
383.0	1.1
383.2	1.1
383.4	1.0
383.6	1.0
383.8	1.0
384.0	1.0
384.2	1.0
384.4	1.1
384.6	1.1
384.8	1.1
385.0	1.0
385.2	1.0
385.4	1.0
385.6	1.1
385.8	1.1
386.0	1.1
386.2	1.0
386.4	1.0
386.6	1.0
386.8	1.2
387.0	1.1
387.2	1.1
387.4	1.1
387.6	1.1
387.8	1.1
388.0	1.1
388.2	1.1
388.4	1.1
388.6	1.1
388.8	1.1
389.0	1.1
389.2	1.1
389.4	1.0
389.6	1.1
389.8	1.0
390.0	1.0
390.2	1.0
390.4	1.0
390.6	1.2
390.8	1.1
391.0	1.1
391.2	1.1
391.4	1.1
391.6	1.1
391.8	1.1
392.0	1.0
392.2	1.0
392.4	1.0
392.6	1.0
392.8	1.0
393.0	1.0
393.2	1.0
393.4	1.0
393.6	1.0
393.8	1.0
394.0	1.0
394.2	1.0
394.4	1.0
394.6	1.1
394.8	1.1
395.0	1.1
395.2	1.1
395.4	1.1
395.6	1.1
395.8	1.2
396.0	1.2
396.2	1.2
396.4	1.2
396.6	1.2
396.8	1.2
397.0	1.2
397.2	1.2
397.4	1.2
397.6	1.2
397.8	1.1
398.0	1.2
398.2	1.2
398.4	1.1
398.6	1.1
398.8	1.1
399.0	1.1
399.2	1.1
399.4	1.1
399.6	1.1
399.8	1.1
400.0	1.1
400.2	1.1
400.4	1.1
400.6	1.1
400.8	1.1
401.0	1.1
401.2	1.2
401.4	1.2
401.6	1.2
401.8	1.2
402.0	1.2
402.2	1.2
402.4	1.2
402.6	1.2
402.8	1.2
403.0	1.2
403.2	1.2
403.4	1.2
403.6	1.2
403.8	1.1
404.0	1.2
404.2	1.2
404.4	1.2
404.6	1.2
404.8	1.2
405.0	1.1
405.2	1.1
405.4	1.1
405.6	1.1
405.8	1.1
406.0	1.1
406.2	1.1
406.4	1.1
406.6	1.0
406.8	1.1
407.0	1.0
407.2	1.0
407.4	1.0
407.6	1.2
407.8	1.1
408.0	1.2
408.2	1.2
408.4	1.2
408.6	1.2
408.8	1.1
409.0	1.2
409.2	1.1
409.4	1.2
409.6	1.1
409.8	1.1
410.0	1.1
410.2	1.1
410.4	1.1
410.6	1.0
410.8	1.1
411.0	1.1
411.2	1.1
411.4	1.2
411.6	1.1
411.8	1.2
412.0	1.1
412.2	1.2
412.4	1.2
412.6	1.2
412.8	1.2
413.0	1.2
413.2	1.1
413.4	1.2
413.6	1.1
413.8	1.1
414.0	1.0
414.2	1.1
414.4	1.1
414.6	0.9
414.8	1.0
415.0	1.0
415.2	1.0
415.4	1.0
415.6	1.1
415.8	1.0
416.0	1.0
416.2	1.0
416.4	1.0
416.6	1.2
416.8	1.2
417.0	1.2
417.2	1.2
417.4	1.2
417.6	1.2
417.8	1.2
418.0	1.2
418.2	1.3
418.4	1.2
418.6	1.2
418.8	1.2
419.0	1.2
419.2	1.1
419.4	1.1
419.6	1.1
419.8	1.1
420.0	1.1
420.2	1.1
420.4	1.1
420.6	1.1
420.8	1.2
421.0	1.1
421.2	1.1
421.4	1.1
421.6	1.1
421.8	1.2
422.0	1.1
422.2	1.1
422.4	1.1
422.6	1.1
422.8	1.1
423.0	1.1
423.2	1.1
423.4	1.1
423.6	1.1
423.8	1.1
424.0	1.1
424.2	1.1
424.4	1.2
424.6	1.2
424.8	1.2
425.0	1.2
425.2	1.2
425.4	1.2
425.6	1.2
425.8	1.1
426.0	1.1
426.2	1.1
426.4	1.1
426.6	1.1
426.8	1.1
427.0	1.0
427.2	1.1
427.4	1.1
427.6	1.1
427.8	1.1
428.0	1.1
428.2	1.1
428.4	1.2
428.6	1.2
428.8	1.2
429.0	1.2
429.2	1.2
429.4	1.2
429.6	1.1
429.8	1.1
430.0	1.1
430.2	1.1
430.4	1.2
430.6	1.2
430.8	1.2
431.0	1.2
431.2	1.2
431.4	1.2
431.6	1.2
431.8	1.2
432.0	1.2
432.2	1.1
432.4	1.1
432.6	1.1
432.8	1.1
433.0	1.1
433.2	1.1
433.4	1.1
433.6	1.2
433.8	1.2
434.0	1.2
434.2	1.2
434.4	1.2
434.6	1.2
434.8	1.2
435.0	1.2
435.2	1.1
435.4	1.2
435.6	1.1
435.8	1.1
436.0	1.1
436.2	1.1
436.4	1.1
436.6	1.0
436.8	1.1
437.0	1.1
437.2	1.1
437.4	1.1
437.6	1.1
437.8	1.2
438.0	1.2
438.2	1.2
438.4	1.2
438.6	1.2
438.8	1.2
439.0	1.2
439.2	1.1
439.4	1.1
439.6	1.2
439.8	1.2
440.0	1.1
440.2	1.1
440.4	1.0
440.6	1.1
440.8	1.1
441.0	1.1
441.2	1.1
441.4	1.1
441.6	1.1
441.8	1.1
442.0	1.1
442.2	1.2
442.4	1.2
442.6	1.0
442.8	1.1
443.0	1.0
443.2	1.0
443.4	1.0
443.6	1.0
443.8	1.0
444.0	1.1
444.2	1.1
444.4	1.1
444.6	1.1
444.8	1.2
445.0	1.2
445.2	1.1
445.4	1.1
445.6	1.1
445.8	1.1
446.0	1.1
446.2	1.1
446.4	1.1
446.6	1.1
446.8	1.2
447.0	1.1
447.2	1.1
447.4	1.1
447.6	1.1
447.8	1.1
448.0	1.1
448.2	1.1
448.4	1.1
448.6	1.1
448.8	1.1
449.0	1.1
449.2	1.2
449.4	1.2
449.6	1.2
449.8	1.2
450.0	1.2
450.2	1.2
450.4	1.2
450.6	1.2
450.8	1.2
451.0	1.2
451.2	1.2
451.4	1.2
451.6	1.2
451.8	1.2
452.0	1.2
452.2	1.2
452.4	1.2
452.6	1.2
452.8	1.2
453.0	1.2
453.2	1.2
453.4	1.2
453.6	1.2
453.8	1.2
454.0	1.2
454.2	1.2
454.4	1.2
454.6	1.2
454.8	1.2
455.0	1.2
455.2	1.2
455.4	1.2
455.6	1.1
455.8	1.1
456.0	1.1
456.2	1.1
456.4	1.1
456.6	1.1
456.8	1.1
457.0	1.1
457.2	1.1
457.4	1.1
457.6	1.1
457.8	1.1
458.0	1.1
458.2	1.2
458.4	1.2
458.6	1.2
458.8	1.2
459.0	1.2
459.2	1.2
459.4	1.2
459.6	1.1
459.8	1.1
460.0	1.1
460.2	1.1
460.4	1.1
460.6	1.1
460.8	1.1
461.0	1.1
461.2	1.1
461.4	1.2
461.6	1.1
461.8	1.1
462.0	1.1
462.2	1.1
462.4	1.1
462.6	1.1
462.8	1.1
463.0	1.1
463.2	1.1
463.4	1.3
463.6	1.3
463.8	1.2
464.0	1.2
464.2	1.3
464.4	1.3
464.6	1.3
464.8	1.3
465.0	1.2
465.2	1.3
465.4	1.3
465.6	1.3
465.8	1.3
466.0	1.1
466.2	1.2
466.4	1.2
466.6	1.1
466.8	1.2
467.0	1.2
467.2	1.2
467.4	1.1
467.6	1.0
467.8	1.0
468.0	1.0
468.2	1.0
468.4	1.0
468.6	1.0
468.8	1.0
469.0	1.1
469.2	1.0
469.4	1.0
469.6	1.0
469.8	1.0
470.0	1.0
470.2	1.0
470.4	1.0
470.6	1.0
470.8	1.0
471.0	1.0
471.2	1.0
471.4	1.0
471.6	1.0
471.8	1.0
472.0	1.0
472.2	1.0
472.4	1.0
472.6	1.0
472.8	1.0
473.0	1.0
473.2	1.0
473.4	1.0
473.6	1.0
473.8	1.1
474.0	1.1
474.2	1.1
474.4	1.1
474.6	1.1
474.8	1.1
475.0	1.1
475.2	1.2
475.4	1.2
475.6	1.3
475.8	1.2
476.0	1.2
476.2	1.2
476.4	1.2
476.6	1.2
476.8	1.2
477.0	1.2
477.2	1.2
477.4	1.2
477.6	1.2
477.8	1.2
478.0	1.2
478.2	1.2
478.4	1.2
478.6	1.2
478.8	1.2
479.0	1.2
479.2	1.2
479.4	1.2
479.6	1.2
479.8	1.2
480.0	1.2
480.2	1.2
480.4	1.2
480.6	1.2
480.8	1.2
481.0	1.2
481.2	1.2
481.4	1.2
481.6	1.2
481.8	1.2
482.0	1.2
482.2	1.2
482.4	1.2
482.6	1.2
482.8	1.2
483.0	1.2
483.2	1.2
483.4	1.2
483.6	1.2
483.8	1.2
484.0	1.2
484.2	1.2
484.4	1.2
484.6	1.2
484.8	1.2
485.0	1.2
485.2	1.2
485.4	1.2
485.6	1.2
485.8	1.2
486.0	1.1
486.2	1.2
486.4	1.2
486.6	1.2
486.8	1.1
487.0	1.2
487.2	1.1
487.4	1.2
487.6	1.1
487.8	1.1
488.0	1.1
488.2	1.1
488.4	1.2
488.6	1.2
488.8	1.1
489.0	1.2
489.2	1.2
489.4	1.1
489.6	1.1
489.8	1.1
490.0	1.1
490.2	1.1
490.4	1.1
490.6	1.1
490.8	1.0
491.0	1.0
491.2	1.0
491.4	1.0
491.6	1.0
491.8	1.0
492.0	1.1
492.2	1.1
492.4	1.1
492.6	1.1
492.8	1.1
493.0	1.1
493.2	1.1
493.4	1.2
493.6	1.2
493.8	1.2
494.0	1.2
494.2	1.2
494.4	1.2
494.6	1.0
494.8	1.0
495.0	1.0
495.2	1.0
495.4	1.0
495.6	1.0
495.8	1.0
496.0	1.1
496.2	1.1
496.4	1.1
496.6	1.1
496.8	1.1
497.0	1.1
497.2	1.1
497.4	1.1
497.6	1.1
497.8	1.1
498.0	1.1
498.2	1.1
498.4	1.1
498.6	1.1
498.8	1.1
499.0	1.1
499.2	1.1
499.4	1.1
499.6	1.1
499.8	1.2
500.0	1.2
500.2	1.3
500.4	1.2
500.6	1.2
500.8	1.2
501.0	1.2
501.2	1.2
501.4	1.2
501.6	1.1
501.8	1.1
502.0	1.1
502.2	1.1
502.4	1.2
502.6	1.2
502.8	1.2
503.0	1.2
503.2	1.2
503.4	1.2
503.6	1.2
503.8	1.2
504.0	1.2
504.2	1.2
504.4	1.2
504.6	1.2
504.8	1.2
505.0	1.0
505.2	1.1
505.4	1.0
505.6	1.1
505.8	1.0
506.0	1.0
506.2	1.0
506.4	1.1
506.6	1.2
506.8	1.1
507.0	1.1
507.2	1.1
507.4	1.1
507.6	1.1
507.8	1.1
508.0	1.1
508.2	1.1
508.4	1.1
508.6	1.1
508.8	1.1
509.0	1.0
509.2	1.0
509.4	1.0
509.6	1.0
509.8	1.0
510.0	1.0
510.2	1.0
510.4	1.0
510.6	1.0
510.8	0.9
511.0	1.0
511.2	1.0
511.4	1.0
511.6	1.1
511.8	1.1
512.0	1.1
512.2	1.1
512.4	1.1
512.6	1.1
512.8	1.1
513.0	1.1
513.2	1.1
513.4	1.1
513.6	1.1
513.8	1.1
514.0	1.1
514.2	1.0
514.4	1.0
514.6	1.0
514.8	1.0
515.0	1.0
515.2	1.0
515.4	1.1
515.6	1.1
515.8	1.1
516.0	1.1
516.2	1.1
516.4	1.1
516.6	1.1
516.8	1.1
517.0	1.1
517.2	1.1
517.4	1.1
517.6	1.1
517.8	1.1
518.0	1.0
518.2	1.0
518.4	0.9
518.6	0.9
518.8	0.9
519.0	0.9
519.2	0.9
519.4	1.0
519.6	1.0
519.8	1.0
520.0	1.0
520.2	1.0
520.4	1.0
520.6	0.9
520.8	0.9
521.0	0.9
521.2	0.9
521.4	0.9
521.6	0.9
521.8	0.9
522.0	1.0
522.2	1.0
522.4	1.0
522.6	1.0
522.8	1.0
523.0	1.0
523.2	1.1
523.4	1.1
523.6	1.1
523.8	1.1
524.0	1.1
524.2	1.1
524.4	1.1
524.6	1.1
524.8	1.1
525.0	1.1
525.2	1.1
525.4	1.1
525.6	1.1
525.8	1.1
526.0	1.1
526.2	1.0
526.4	1.1
526.6	1.0
526.8	1.0
527.0	1.0
527.2	0.9
527.4	0.9
527.6	0.9
527.8	0.9
528.0	0.9
528.2	0.9
528.4	0.9
528.6	0.9
528.8	0.9
529.0	0.9
529.2	0.9
529.4	0.9
529.6	0.9
529.8	0.9
530.0	0.9
530.2	0.9
530.4	0.9
530.6	0.9
530.8	0.9
531.0	0.9
531.2	0.9
531.4	0.9
531.6	0.9
531.8	0.9
532.0	0.9
532.2	0.9
532.4	1.0
532.6	1.0
532.8	1.0
533.0	1.0
533.2	1.0
533.4	1.0
533.6	0.9
533.8	1.0
534.0	1.0
534.2	1.0
534.4	1.0
534.6	1.0
534.8	1.0
535.0	0.9
535.2	1.0
535.4	1.0
535.6	0.9
535.8	1.0
536.0	1.0
536.2	0.9
536.4	0.9
536.6	0.9
536.8	0.9
537.0	0.9
537.2	0.9
537.4	0.9
537.6	0.8
537.8	0.8
538.0	0.8
538.2	0.9
538.4	0.8
538.6	0.8
538.8	0.9
539.0	0.9
539.2	0.9
539.4	0.9
539.6	0.9
539.8	0.9
540.0	0.9
540.2	0.9
540.4	0.9
540.6	0.9
540.8	0.9
541.0	0.9
541.2	0.9
541.4	0.9
541.6	0.9
541.8	0.9
542.0	0.9
542.2	0.8
542.4	0.8
542.6	0.8
542.8	0.8
543.0	0.8
543.2	0.9
543.4	0.8
543.6	0.8
543.8	0.8
544.0	0.7
544.2	0.7
544.4	0.7
544.6	0.7
544.8	0.7
545.0	0.7
545.2	0.7
545.4	0.8
545.6	0.8
545.8	0.8
546.0	0.8
546.2	0.8
546.4	0.8
546.6	0.9
546.8	0.9
547.0	0.9
547.2	0.9
547.4	0.9
547.6	0.9
547.8	0.9
548.0	0.8
548.2	0.9
548.4	0.8
548.6	0.8
548.8	0.8
549.0	0.8
549.2	0.8
549.4	0.8
549.6	0.8
549.8	0.8
550.0	0.8
550.2	0.8
550.4	0.8
550.6	0.8
550.8	0.8
551.0	0.8
551.2	0.8
551.4	0.8
551.6	0.8
551.8	0.8
552.0	0.8
552.2	0.8
552.4	0.8
552.6	0.8
552.8	0.8
553.0	0.8
553.2	0.8
553.4	0.8
553.6	0.8
553.8	0.8
554.0	0.8
554.2	0.8
554.4	0.8
554.6	0.8
554.8	0.8
555.0	0.8
555.2	0.8
555.4	0.8
555.6	0.8
555.8	0.7
556.0	0.7
556.2	0.7
556.4	0.7
556.6	0.7
556.8	0.7
557.0	0.8
557.2	0.7
557.4	0.8
557.6	0.7
557.8	0.7
558.0	0.7
558.2	0.7
558.4	0.7
558.6	0.7
558.8	0.7
559.0	0.7
559.2	0.7
559.4	0.7
559.6	0.6
559.8	0.6
560.0	0.6
560.2	0.6
560.4	0.6
560.6	0.6
560.8	0.7
561.0	0.7
561.2	0.7
561.4	0.7
561.6	0.7
561.8	0.7
562.0	0.7
562.2	0.7
562.4	0.7
562.6	0.7
562.8	0.7
563.0	0.7
563.2	0.7
563.4	0.6
563.6	0.7
563.8	0.7
564.0	0.7
564.2	0.6
564.4	0.6
564.6	0.6
564.8	0.6
565.0	0.6
565.2	0.6
565.4	0.6
565.6	0.6
565.8	0.6
566.0	0.5
566.2	0.5
566.4	0.5
566.6	0.5
566.8	0.5
567.0	0.5
567.2	0.5
567.4	0.5
567.6	0.5
567.8	0.5
568.0	0.5
568.2	0.5
568.4	0.5
568.6	0.6
568.8	0.6
569.0	0.6
569.2	0.6
569.4	0.6
569.6	0.6
569.8	0.6
570.0	0.5
570.2	0.6
570.4	0.5
570.6	0.5
570.8	0.5
571.0	0.5
571.2	0.5
571.4	0.5
571.6	0.5
571.8	0.5
572.0	0.5
572.2	0.5
572.4	0.5
572.6	0.4
572.8	0.5
573.0	0.5
573.2	0.4
573.4	0.4
573.6	0.4
573.8	0.5
574.0	0.5
574.2	0.5
574.4	0.5
574.6	0.5
574.8	0.5
575.0	0.5
575.2	0.6
575.4	0.6
575.6	0.5
575.8	0.5
576.0	0.5
576.2	0.5
576.4	0.4
576.6	0.4
576.8	0.4
577.0	0.4
577.2	0.4
577.4	0.4
577.6	0.4
577.8	0.4
578.0	0.4
578.2	0.4
578.4	0.4
578.6	0.4
578.8	0.4
579.0	0.5
579.2	0.5
579.4	0.5
579.6	0.5
579.8	0.5
580.0	0.5
580.2	0.5
580.4	0.5
580.6	0.5
580.8	0.5
581.0	0.5
581.2	0.5
581.4	0.5
581.6	0.5
581.8	0.4
582.0	0.4
582.2	0.4
582.4	0.4
582.6	0.4
582.8	0.4
583.0	0.4
583.2	0.4
583.4	0.4
583.6	0.4
583.8	0.4
584.0	0.4
584.2	0.4
584.4	0.4
584.6	0.4
584.8	0.4
585.0	0.4
585.2	0.4
585.4	0.4
585.6	0.4
585.8	0.4
586.0	0.4
586.2	0.4
586.4	0.4
586.6	0.4
586.8	0.2
587.0	0.2
587.2	0.2
587.4	0.2
587.6	0.2
587.8	0.2
588.0	0.2
588.2	0.2
588.4	0.2
588.6	0.2
588.8	0.2
589.0	0.2
589.2	0.2
589.4	0.2
589.6	0.2
589.8	0.2
590.0	0.2
590.2	0.2
590.4	0.2
590.6	0.2
590.8	0.2
591.0	0.2
591.2	0.3
591.4	0.2
591.6	0.3
591.8	0.3
592.0	0.2
592.2	0.2
592.4	0.2
592.6	0.2
592.8	0.2
593.0	0.2
593.2	0.2
593.4	0.2
593.6	0.2
593.8	0.2
594.0	0.2
594.2	0.2
594.4	0.2
594.6	0.1
594.8	0.1
595.0	0.1
595.2	0.1
595.4	0.1
595.6	0.1
595.8	0.1
596.0	0.2
596.2	0.2
596.4	0.1
596.6	0.2
596.8	0.2
597.0	0.2
597.2	0.1
597.4	0.1
597.6	0.1
597.8	0.1
598.0	0.1
598.2	0.1
598.4	0.1
598.6	0.0
598.8	0.0
599.0	0.0
599.2	0.0
599.4	0.0
599.6	0.0
599.8	0.0
600.0	0.0
600.2	0.0
600.4	0.0
600.6	0.0
600.8	0.0
601.0	0.0
601.2	0.1
601.4	0.0
601.6	0.0
601.8	0.0
602.0	0.0
602.2	0.0
602.4	-0.1
602.6	-0.1
602.8	-0.1
603.0	-0.1
603.2	-0.1
603.4	-0.1
603.6	-0.1
603.8	-0.1
604.0	-0.1
604.2	-0.1
604.4	-0.1
604.6	-0.1
604.8	-0.1
605.0	-0.1
605.2	-0.1
605.4	-0.1
605.6	-0.1
605.8	-0.1
606.0	-0.1
606.2	-0.1
606.4	-0.2
606.6	-0.2
606.8	-0.2
607.0	-0.2
607.2	-0.2
607.4	-0.2
607.6	-0.1
607.8	-0.1
608.0	-0.1
608.2	-0.1
608.4	-0.1
608.6	-0.1
608.8	-0.1
609.0	-0.2
609.2	-0.2
609.4	-0.2
609.6	-0.2
609.8	-0.2
610.0	-0.2
610.2	-0.2
610.4	-0.2
610.6	-0.2
610.8	-0.2
611.0	-0.2
611.2	-0.2
611.4	-0.2
611.6	-0.1
611.8	-0.1
612.0	-0.1
612.2	-0.1
612.4	-0.1
612.6	-0.1
612.8	-0.3
613.0	-0.4
613.2	-0.4
613.4	-0.4
613.6	-0.3
613.8	-0.3
614.0	-0.3
614.2	-0.3
614.4	-0.3
614.6	-0.3
614.8	-0.3
615.0	-0.3
615.2	-0.3
615.4	-0.4
615.6	-0.4
615.8	-0.4
616.0	-0.4
616.2	-0.4
616.4	-0.4
616.6	-0.4
616.8	-0.4
617.0	-0.4
617.2	-0.4
617.4	-0.4
617.6	-0.4
617.8	-0.4
618.0	-0.4
618.2	-0.4
618.4	-0.4
618.6	-0.4
618.8	-0.4
619.0	-0.4
619.2	-0.4
619.4	-0.4
619.6	-0.4
619.8	-0.5
620.0	-0.5
620.2	-0.5
620.4	-0.5
620.6	-0.5
620.8	-0.5
621.0	-0.5
621.2	-0.5
621.4	-0.5
621.6	-0.5
621.8	-0.5
622.0	-0.4
622.2	-0.5
622.4	-0.4
622.6	-0.4
622.8	-0.4
623.0	-0.4
623.2	-0.5
623.4	-0.6
623.6	-0.6
623.8	-0.6
624.0	-0.6
624.2	-0.6
624.4	-0.6
624.6	-0.5
624.8	-0.5
625.0	-0.5
625.2	-0.5
625.4	-0.5
625.6	-0.5
625.8	-0.5
626.0	-0.5
626.2	-0.5
626.4	-0.6
626.6	-0.6
626.8	-0.6
627.0	-0.6
627.2	-0.6
627.4	-0.6
627.6	-0.6
627.8	-0.6
628.0	-0.6
628.2	-0.6
628.4	-0.6
628.6	-0.6
628.8	-0.6
629.0	-0.6
629.2	-0.6
629.4	-0.6
629.6	-0.6
629.8	-0.6
630.0	-0.7
630.2	-0.7
630.4	-0.7
630.6	-0.7
630.8	-0.7
631.0	-0.8
631.2	-0.7
631.4	-0.8
631.6	-0.8
631.8	-0.8
632.0	-0.8
632.2	-0.8
632.4	-0.8
632.6	-0.8
632.8	-0.8
633.0	-0.9
633.2	-0.9
633.4	-0.9
633.6	-0.8
633.8	-0.8
634.0	-0.8
634.2	-0.8
634.4	-0.8
634.6	-0.8
634.8	-0.8
635.0	-0.8
635.2	-0.8
635.4	-0.8
635.6	-0.8
635.8	-0.8
636.0	-0.8
636.2	-0.9
636.4	-0.9
636.6	-0.9
636.8	-0.9
637.0	-0.9
637.2	-0.9
637.4	-0.9
637.6	-0.9
637.8	-0.9
638.0	-0.9
638.2	-0.9
638.4	-0.9
638.6	-0.9
638.8	-1.0
639.0	-1.0
639.2	-0.9
639.4	-1.0
639.6	-1.0
639.8	-1.0
640.0	-1.0
640.2	-1.0
640.4	-1.0
640.6	-1.0
640.8	-1.0
641.0	-1.0
641.2	-1.0
641.4	-1.0
641.6	-1.0
641.8	-1.1
642.0	-1.1
642.2	-1.1
642.4	-1.1
642.6	-1.1
642.8	-1.1
643.0	-1.1
643.2	-1.1
643.4	-1.1
643.6	-1.2
643.8	-1.2
644.0	-1.2
644.2	-1.2
644.4	-1.2
644.6	-1.2
644.8	-1.2
645.0	-1.2
645.2	-1.2
645.4	-1.2
645.6	-1.2
645.8	-1.2
646.0	-1.3
646.2	-1.2
646.4	-1.2
646.6	-1.4
646.8	-1.4
647.0	-1.4
647.2	-1.4
647.4	-1.4
647.6	-1.4
647.8	-1.4
648.0	-1.3
648.2	-1.4
648.4	-1.4
648.6	-1.4
648.8	-1.4
649.0	-1.4
649.2	-1.4
649.4	-1.4
649.6	-1.4
649.8	-1.4
650.0	-1.4
650.2	-1.4
650.4	-1.4
650.6	-1.4
650.8	-1.5
651.0	-1.5
651.2	-1.5
651.4	-1.5
651.6	-1.5
651.8	-1.6
652.0	-1.6
652.2	-1.6
652.4	-1.6
652.6	-1.6
652.8	-1.6
653.0	-1.6
653.2	-1.6
653.4	-1.6
653.6	-1.6
653.8	-1.6
654.0	-1.6
654.2	-1.6
654.4	-1.5
654.6	-1.6
654.8	-1.6
655.0	-1.6
655.2	-1.6
655.4	-1.6
655.6	-1.6
655.8	-1.6
656.0	-1.6
656.2	-1.6
656.4	-1.6
656.6	-1.6
656.8	-1.6
657.0	-1.7
657.2	-1.7
657.4	-1.7
657.6	-1.7
657.8	-1.7
658.0	-1.7
658.2	-1.7
658.4	-1.7
658.6	-1.7
658.8	-1.7
659.0	-1.7
659.2	-1.7
659.4	-1.7
659.6	-1.7
659.8	-1.7
660.0	-1.8
660.2	-1.8
660.4	-1.8
660.6	-1.8
660.8	-1.8
661.0	-1.8
661.2	-1.8
661.4	-1.8
661.6	-1.8
661.8	-1.9
662.0	-1.9
662.2	-1.9
662.4	-1.9
662.6	-1.9
662.8	-1.9
663.0	-1.9
663.2	-1.9
663.4	-1.9
663.6	-2.0
663.8	-1.9
664.0	-1.9
664.2	-2.0
664.4	-2.0
664.6	-2.0
664.8	-2.0
665.0	-2.0
665.2	-2.0
665.4	-2.0
665.6	-2.0
665.8	-2.0
666.0	-2.0
666.2	-2.1
666.4	-2.1
666.6	-2.1
666.8	-2.0
667.0	-2.1
667.2	-2.1
667.4	-2.1
667.6	-2.1
667.8	-2.2
668.0	-2.2
668.2	-2.2
668.4	-2.2
668.6	-2.2
668.8	-2.2
669.0	-2.2
669.2	-2.2
669.4	-2.2
669.6	-2.2
669.8	-2.2
670.0	-2.3
670.2	-2.3
670.4	-2.3
670.6	-2.3
670.8	-2.3
671.0	-2.3
671.2	-2.3
671.4	-2.3
671.6	-2.3
671.8	-2.4
672.0	-2.4
672.2	-2.4
672.4	-2.4
672.6	-2.5
672.8	-2.5
673.0	-2.5
673.2	-2.6
673.4	-2.5
673.6	-2.5
673.8	-2.5
674.0	-2.6
674.2	-2.6
674.4	-2.6
674.6	-2.6
674.8	-2.6
675.0	-2.6
675.2	-2.7
675.4	-2.7
675.6	-2.7
675.8	-2.7
676.0	-2.7
676.2	-2.7
676.4	-2.7
676.6	-2.6
676.8	-2.6
677.0	-2.7
677.2	-2.6
677.4	-2.7
677.6	-2.7
677.8	-2.7
678.0	-2.7
678.2	-2.7
678.4	-2.7
678.6	-2.7
678.8	-2.7
679.0	-2.7
679.2	-2.8
679.4	-2.8
679.6	-2.8
679.8	-2.8
680.0	-2.8
680.2	-2.8
680.4	-2.8
680.6	-2.8
680.8	-2.9
681.0	-2.9
681.2	-2.9
681.4	-2.9
681.6	-2.9
681.8	-3.0
682.0	-3.0
682.2	-3.0
682.4	-3.0
682.6	-3.0
682.8	-3.0
683.0	-3.1
683.2	-3.1
683.4	-3.1
683.6	-3.1
683.8	-3.1
684.0	-3.1
684.2	-3.1
684.4	-3.2
684.6	-3.2
684.8	-3.2
685.0	-3.2
685.2	-3.3
685.4	-3.3
685.6	-3.2
685.8	-3.2
686.0	-3.2
686.2	-3.3
686.4	-3.3
686.6	-3.3
686.8	-3.3
687.0	-3.2
687.2	-3.2
687.4	-3.2
687.6	-3.3
687.8	-3.3
688.0	-3.3
688.2	-3.2
688.4	-3.2
688.6	-3.2
688.8	-3.2
689.0	-3.2
689.2	-3.2
689.4	-3.2
689.6	-3.5
689.8	-3.5
690.0	-3.5
690.2	-3.5
690.4	-3.5
690.6	-3.5
690.8	-3.5
691.0	-3.5
691.2	-3.5
691.4	-3.5
691.6	-3.5
691.8	-3.5
692.0	-3.5
692.2	-3.6
692.4	-3.6
692.6	-3.7
692.8	-3.7
693.0	-3.7
693.2	-3.7
693.4	-3.6
693.6	-3.6
693.8	-3.7
694.0	-3.7
694.2	-3.7
694.4	-3.7
694.6	-3.7
694.8	-3.8
695.0	-3.8
695.2	-3.8
695.4	-3.8
695.6	-3.9
695.8	-3.9
696.0	-3.8
696.2	-3.8
696.4	-3.8
696.6	-3.8
696.8	-3.8
697.0	-3.8
697.2	-3.8
697.4	-4.0
697.6	-4.0
697.8	-4.0
698.0	-4.0
698.2	-4.0
698.4	-4.0
698.6	-4.0
698.8	-4.1
699.0	-4.1
699.2	-4.1
699.4	-4.1
699.6	-4.1
699.8	-4.1
700.0	-4.1
700.2	-4.2
700.4	-4.2
700.6	-4.2
700.8	-4.2
701.0	-4.2
701.2	-4.1
701.4	-4.1
701.6	-4.1
701.8	-4.2
702.0	-4.2
702.2	-4.2
702.4	-4.2
702.6	-4.2
702.8	-4.3
703.0	-4.3
703.2	-4.4
703.4	-4.4
703.6	-4.4
703.8	-4.3
704.0	-4.3
704.2	-4.3
704.4	-4.3
704.6	-4.4
704.8	-4.4
705.0	-4.4
705.2	-4.3
705.4	-4.3
705.6	-4.3
705.8	-4.4
706.0	-4.4
706.2	-4.4
706.4	-4.4
706.6	-4.4
706.8	-4.4
707.0	-4.6
707.2	-4.4
707.4	-4.4
707.6	-4.4
707.8	-4.6
708.0	-4.6
708.2	-4.6
708.4	-4.7
708.6	-4.7
708.8	-4.7
709.0	-4.8
709.2	-4.8
709.4	-4.8
709.6	-4.8
709.8	-4.9
710.0	-4.9
710.2	-4.9
710.4	-4.8
710.6	-4.8
710.8	-4.8
711.0	-4.8
711.2	-4.9
711.4	-4.9
711.6	-4.9
711.8	-4.9
712.0	-5.0
712.2	-5.0
712.4	-5.0
712.6	-5.0
712.8	-5.0
713.0	-5.0
713.2	-5.1
713.4	-5.1
713.6	-5.1
713.8	-5.1
714.0	-5.1
714.2	-5.1
714.4	-5.2
714.6	-5.2
714.8	-5.2
715.0	-5.2
715.2	-5.2
715.4	-5.2
715.6	-5.4
715.8	-5.4
716.0	-5.4
716.2	-5.4
716.4	-5.4
716.6	-5.4
716.8	-5.4
717.0	-5.4
717.2	-5.4
717.4	-5.4
717.6	-5.5
717.8	-5.5
718.0	-5.5
718.2	-5.5
718.4	-5.5
718.6	-5.5
718.8	-5.6
719.0	-5.6
719.2	-5.6
719.4	-5.6
719.6	-5.7
719.8	-5.6
720.0	-5.7
720.2	-5.7
720.4	-5.7
720.6	-5.7
720.8	-5.7
721.0	-5.8
721.2	-5.8
721.4	-5.8
721.6	-5.8
721.8	-5.8
722.0	-5.9
722.2	-5.9
722.4	-5.9
722.6	-5.9
722.8	-5.9
723.0	-5.9
723.2	-5.9
723.4	-6.0
723.6	-6.0
723.8	-6.0
724.0	-6.0
724.2	-6.1
724.4	-6.1
724.6	-6.2
724.8	-6.2
725.0	-6.2
725.2	-6.2
725.4	-6.3
725.6	-6.3
725.8	-6.3
726.0	-6.2
726.2	-6.3
726.4	-6.3
726.6	-6.3
726.8	-6.3
727.0	-6.3
727.2	-6.4
727.4	-6.4
727.6	-6.4
727.8	-6.4
728.0	-6.5
728.2	-6.5
728.4	-6.5
728.6	-6.5
728.8	-6.6
729.0	-6.6
729.2	-6.6
729.4	-6.6
729.6	-6.6
729.8	-6.5
730.0	-6.7
730.2	-6.7
730.4	-6.7
730.6	-6.7
730.8	-6.7
731.0	-6.7
731.2	-6.7
731.4	-6.8
731.6	-6.8
731.8	-6.8
732.0	-6.8
732.2	-6.8
732.4	-6.9
732.6	-6.9
732.8	-7.0
733.0	-7.0
733.2	-7.0
733.4	-7.0
733.6	-7.1
733.8	-7.1
734.0	-7.1
734.2	-7.1
734.4	-7.1
734.6	-7.1
734.8	-7.1
735.0	-7.2
735.2	-7.2
735.4	-7.3
735.6	-7.3
735.8	-7.3
736.0	-7.3
736.2	-7.3
736.4	-7.4
736.6	-7.5
736.8	-7.4
737.0	-7.4
737.2	-7.4
737.4	-7.4
737.6	-7.5
737.8	-7.5
738.0	-7.6
738.2	-7.5
738.4	-7.6
738.6	-7.6
738.8	-7.6
739.0	-7.6
739.2	-7.7
739.4	-7.7
739.6	-7.7
739.8	-7.7
740.0	-7.7
740.2	-7.9
740.4	-7.9
740.6	-7.9
740.8	-7.9
741.0	-8.0
741.2	-8.0
741.4	-7.9
741.6	-7.9
741.8	-8.0
742.0	-8.0
742.2	-8.0
742.4	-8.0
742.6	-8.0
742.8	-8.1
743.0	-8.1
743.2	-8.1
743.4	-8.1
743.6	-8.1
743.8	-8.1
744.0	-8.2
744.2	-8.2
744.4	-8.2
744.6	-8.2
744.8	-8.3
745.0	-8.3
745.2	-8.3
745.4	-8.4
745.6	-8.4
745.8	-8.4
746.0	-8.4
746.2	-8.4
746.4	-8.4
746.6	-8.5
746.8	-8.5
747.0	-8.5
747.2	-8.6
747.4	-8.6
747.6	-8.6
747.8	-8.6
748.0	-8.7
748.2	-8.8
748.4	-8.8
748.6	-8.8
748.8	-8.8
749.0	-8.8
749.2	-8.8
749.4	-8.8
749.6	-8.8
749.8	-8.8
750.0	-8.9
750.2	-8.9
750.4	-8.9
750.6	-9.0
750.8	-9.1
751.0	-9.1
751.2	-9.1
751.4	-9.1
751.6	-9.1
751.8	-9.1
752.0	-9.1
752.2	-9.1
752.4	-9.1
752.6	-9.2
752.8	-9.2
753.0	-9.2
753.2	-9.2
753.4	-9.2
753.6	-9.4
753.8	-9.4
754.0	-9.4
754.2	-9.4
754.4	-9.5
754.6	-9.6
754.8	-9.6
755.0	-9.6
755.2	-9.6
755.4	-9.6
755.6	-9.6
755.8	-9.7
756.0	-9.7
756.2	-9.7
756.4	-9.8
756.6	-9.8
756.8	-9.8
757.0	-9.7
757.2	-9.7
757.4	-9.8
757.6	-9.8
757.8	-9.8
758.0	-9.8
758.2	-9.8
758.4	-10.0
758.6	-10.0
758.8	-10.0
759.0	-10.0
759.2	-10.0
759.4	-10.0
759.6	-10.1
759.8	-10.1
760.0	-10.1
760.2	-10.2
760.4	-10.2
760.6	-10.2
760.8	-10.2
761.0	-10.0
761.2	-10.1
761.4	-10.0
761.6	-10.1
761.8	-10.1
762.0	-10.1
762.2	-10.1
762.4	-10.1
762.6	-10.1
762.8	-10.1
763.0	-10.1
763.2	-10.1
763.4	-10.1
763.6	-10.1
763.8	-10.1
764.0	-10.1
764.2	-10.1
764.4	-10.1
764.6	-10.1
764.8	-10.2
765.0	-10.2
765.2	-10.2
765.4	-10.2
765.6	-10.2
765.8	-10.2
766.0	-10.2
766.2	-10.2
766.4	-10.2
766.6	-10.1
766.8	-10.1
767.0	-10.1
767.2	-10.1
767.4	-10.1
767.6	-10.1
767.8	-10.0
768.0	-10.0
768.2	-10.0
768.4	-10.0
768.6	-10.0
768.8	-9.9
769.0	-9.9
769.2	-9.8
769.4	-9.8
769.6	-9.8
769.8	-9.8
770.0	-9.6
770.2	-9.6
770.4	-9.5
770.6	-9.5
770.8	-9.4
771.0	-9.4
771.2	-9.4
771.4	-9.3
771.6	-9.2
771.8	-9.2
772.0	-9.1
772.2	-9.1
772.4	-9.1
772.6	-8.9
772.8	-8.9
773.0	-8.8
773.2	-8.7
773.4	-8.7
773.6	-8.7
773.8	-8.7
774.0	-8.4
774.2	-8.3
774.4	-8.3
774.6	-8.1
774.8	-8.1
775.0	-8.1
775.2	-7.9
775.4	-7.8
775.6	-7.7
775.8	-7.6
776.0	-7.5
776.2	-7.5
776.4	-7.5
776.6	-7.2
776.8	-7.1
777.0	-7.0
777.2	-6.9
777.4	-6.9
777.6	-6.9
777.8	-6.5
778.0	-6.4
778.2	-6.3
778.4	-6.2
778.6	-6.1
778.8	-6.1
779.0	-6.1
779.2	-5.8
779.4	-5.8
779.6	-5.6
779.8	-5.4
780.0	-5.4
780.2	-5.4
780.4	-5.0
780.6	-4.9
780.8	-4.8
781.0	-4.6
781.2	-4.5
781.4	-4.5
781.6	-4.5
781.8	-4.1
782.0	-4.0
782.2	-3.8
782.4	-3.7
782.6	-3.7
782.8	-3.7
783.0	-3.4
783.2	-3.3
783.4	-3.1
783.6	-3.0
783.8	-2.9
784.0	-2.9
784.2	-2.9
784.4	-2.6
784.6	-2.5
784.8	-2.4
785.0	-2.3
785.2	-2.2
785.4	-2.2
785.6	-1.9
785.8	-1.6
786.0	-1.5
786.2	-1.4
786.4	-1.3
786.6	-1.3
786.8	-1.3
787.0	-1.0
787.2	-0.9
787.4	-0.8
787.6	-0.6
787.8	-0.6
788.0	-0.6
788.2	-0.4
788.4	-0.3
788.6	-0.2
788.8	-0.2
789.0	-0.1
789.2	-0.1
789.4	-0.1
789.6	0.2
789.8	0.3
790.0	0.4
790.2	0.4
790.4	0.5
790.6	0.5
790.8	0.5
791.0	0.6
791.2	0.6
791.4	0.6
791.6	0.7
791.8	0.7
792.0	0.7
792.2	0.7
792.4	0.8
792.6	0.8
792.8	0.8
793.0	0.8
793.2	0.8
793.4	0.8
793.6	0.9
793.8	0.8
794.0	1.0
794.2	0.9
794.4	0.9
794.6	0.9
794.8	0.8
795.0	0.8
795.2	0.8
795.4	0.8
795.6	0.8
795.8	0.8
796.0	1.0
796.2	1.1
796.4	1.0
796.6	1.0
796.8	1.0
797.0	1.0
797.2	1.0
797.4	1.0
797.6	1.0
797.8	1.0
798.0	1.0
798.2	1.0
798.4	1.0
798.6	1.1
798.8	1.1
799.0	1.1
799.2	1.1
799.4	1.1
799.6	1.1
799.8	1.1
800.0	1.1
800.2	1.1
800.4	1.1
800.6	1.2
800.8	1.1
801.0	1.1
801.2	1.1
801.4	1.0
801.6	1.0
801.8	1.0
802.0	1.1
802.2	1.1
802.4	1.1
802.6	1.2
802.8	1.1
803.0	1.2
803.2	1.2
803.4	1.2
803.6	1.2
803.8	1.2
804.0	1.1
804.2	1.2
804.4	1.2
804.6	1.2
804.8	1.2
805.0	1.2
805.2	1.2
805.4	1.2
805.6	1.2
805.8	1.2
806.0	1.2
806.2	1.2
806.4	1.1
806.6	1.1
806.8	1.1
807.0	1.1
807.2	1.1
807.4	1.1
807.6	1.1
807.8	1.2
808.0	1.1
808.2	1.2
808.4	1.2
808.6	1.2
808.8	1.2
809.0	1.2
809.2	1.2
809.4	1.2
809.6	1.2
809.8	1.2
810.0	1.2
810.2	1.2
810.4	1.2
810.6	1.2
810.8	1.2
811.0	1.2
811.2	1.2
811.4	1.2
811.6	1.2
811.8	1.2
812.0	1.3
812.2	1.2
812.4	1.2
812.6	1.2
812.8	1.1
813.0	1.1
813.2	1.1
813.4	1.1
813.6	1.1
813.8	1.1
814.0	1.1
814.2	1.2
814.4	1.2
814.6	1.2
814.8	1.2
815.0	1.2
815.2	1.2
815.4	1.1
815.6	1.1
815.8	1.1
816.0	1.1
816.2	1.1
816.4	1.1
816.6	1.1
816.8	1.2
817.0	1.2
817.2	1.2
817.4	1.2
817.6	1.2
817.8	1.2
818.0	1.2
818.2	1.2
818.4	1.2
818.6	1.2
818.8	1.2
819.0	1.2
819.2	1.2
819.4	1.2
819.6	1.2
819.8	1.2
820.0	1.2
820.2	1.2
820.4	1.2
820.6	1.2
820.8	1.2
821.0	1.2
821.2	1.2
821.4	1.2
821.6	1.2
821.8	1.2
822.0	1.1
822.2	1.1
822.4	1.1
822.6	1.1
822.8	1.1
823.0	1.1
823.2	1.2
823.4	1.2
823.6	1.2
823.8	1.2
824.0	1.2
824.2	1.2
824.4	1.2
824.6	1.1
824.8	1.1
825.0	1.1
825.2	1.1
825.4	1.1
825.6	1.1
825.8	1.2
826.0	1.2
826.2	1.2
826.4	1.2
826.6	1.2
826.8	1.2
827.0	1.1
827.2	1.2
827.4	1.2
827.6	1.2
827.8	1.2
828.0	1.2
828.2	1.2
828.4	1.1
828.6	1.1
828.8	1.1
829.0	1.1
829.2	1.1
829.4	1.1
829.6	1.1
829.8	1.1
830.0	1.1
830.2	1.1
830.4	1.1
830.6	1.1
830.8	1.1
831.0	1.3
831.2	1.3
831.4	1.3
831.6	1.3
831.8	1.3
832.0	1.3
832.2	1.1
832.4	1.2
832.6	1.2
832.8	1.2
833.0	1.2
833.2	1.2
833.4	1.2
833.6	1.2
833.8	1.2
834.0	1.2
834.2	1.2
834.4	1.2
834.6	1.2
834.8	1.1
835.0	1.2
835.2	1.2
835.4	1.2
835.6	1.1
835.8	1.1
836.0	1.1
836.2	1.2
836.4	1.2
836.6	1.2
836.8	1.2
837.0	1.1
837.2	1.1
837.4	1.1
837.6	1.1
837.8	1.1
838.0	1.1
838.2	1.2
838.4	1.2
838.6	1.2
838.8	1.2
839.0	1.1
839.2	1.2
839.4	1.1
839.6	1.2
839.8	1.2
840.0	1.2
840.2	1.2
840.4	1.2
840.6	1.2
840.8	1.2
841.0	1.2
841.2	1.2
841.4	1.2
841.6	1.1
841.8	1.1
842.0	1.2
842.2	1.2
842.4	1.2
842.6	1.2
842.8	1.2
843.0	1.3
843.2	1.2
843.4	1.2
843.6	1.2
843.8	1.2
844.0	1.2
844.2	1.2
844.4	1.2
844.6	1.2
844.8	1.2
845.0	1.2
845.2	1.2
845.4	1.2
845.6	1.2
845.8	1.2
846.0	1.2
846.2	1.2
846.4	1.2
846.6	1.1
846.8	1.1
847.0	1.1
847.2	1.1
847.4	1.1
847.6	1.1
847.8	1.1
848.0	1.2
848.2	1.1
848.4	1.1
848.6	1.1
848.8	1.1
849.0	1.1
849.2	1.2
849.4	1.2
849.6	1.2
849.8	1.3
850.0	1.2
850.2	1.2
850.4	1.2
850.6	1.2
850.8	1.2
851.0	1.2
851.2	1.2
851.4	1.2
851.6	1.2
851.8	1.2
852.0	1.2
852.2	1.2
852.4	1.2
852.6	1.2
852.8	1.2
853.0	1.1
853.2	1.1
853.4	1.1
853.6	1.1
853.8	1.1
854.0	1.1
854.2	1.1
854.4	1.2
854.6	1.2
854.8	1.2
855.0	1.2
855.2	1.2
855.4	1.2
855.6	1.2
855.8	1.2
856.0	1.2
856.2	1.2
856.4	1.2
856.6	1.2
856.8	1.2
857.0	1.2
857.2	1.2
857.4	1.2
857.6	1.2
857.8	1.2
858.0	1.2
858.2	1.2
858.4	1.3
858.6	1.2
858.8	1.2
859.0	1.2
859.2	1.2
859.4	1.2
859.6	1.2
859.8	1.2
860.0	1.2
860.2	1.2
860.4	1.2
860.6	1.2
860.8	1.2
861.0	1.2
861.2	1.2
861.4	1.2
861.6	1.2
861.8	1.2
862.0	1.2
862.2	1.2
862.4	1.2
862.6	1.2
862.8	1.2
863.0	1.2
863.2	1.2
863.4	1.1
863.6	1.1
863.8	1.1
864.0	1.1
864.2	1.1
864.4	1.1
864.6	1.1
864.8	1.2
865.0	1.2
865.2	1.2
865.4	1.2
865.6	1.2
865.8	1.2
866.0	1.2
866.2	1.2
866.4	1.2
866.6	1.2
866.8	1.2
867.0	1.2
867.2	1.2
867.4	1.2
867.6	1.2
867.8	1.2
868.0	1.2
868.2	1.2
868.4	1.2
868.6	1.2
868.8	1.2
869.0	1.2
869.2	1.2
869.4	1.2
869.6	1.2
869.8	1.2
870.0	1.3
870.2	1.2
870.4	1.2
870.6	1.2
870.8	1.3
871.0	1.3
871.2	1.2
871.4	1.1
871.6	1.2
871.8	1.2
872.0	1.2
872.2	1.2
872.4	1.2
872.6	1.3
872.8	1.3
873.0	1.3
873.2	1.3
873.4	1.3
873.6	1.3
873.8	1.2
874.0	1.2
874.2	1.2
874.4	1.2
874.6	1.2
874.8	1.2
875.0	1.2
875.2	1.4
875.4	1.4
875.6	1.4
875.8	1.4
876.0	1.4
876.2	1.4
876.4	1.3
876.6	1.3
876.8	1.3
877.0	1.3
877.2	1.3
877.4	1.3
877.6	1.3
877.8	1.3
878.0	1.4
878.2	1.4
878.4	1.4
878.6	1.4
878.8	1.4
879.0	1.6
879.2	1.6
879.4	1.6
879.6	1.6
879.8	1.6
880.0	1.6
880.2	1.6
880.4	1.7
880.6	1.7
880.8	1.7
881.0	1.7
881.2	1.7
881.4	1.7
881.6	1.6
881.8	1.7
882.0	1.6
882.2	1.7
882.4	1.7
882.6	1.7
882.8	1.7
883.0	1.9
883.2	1.9
883.4	1.9
883.6	1.9
883.8	1.9
884.0	1.9
884.2	1.9
884.4	1.9
884.6	1.9
884.8	2.0
885.0	2.0
885.2	2.0
885.4	2.0
885.6	1.9
885.8	2.0
886.0	1.9
886.2	2.0
886.4	2.0
886.6	2.0
886.8	2.1
887.0	2.2
887.2	2.1
887.4	2.2
887.6	2.2
887.8	2.2
888.0	2.2
888.2	2.2
888.4	2.2
888.6	2.2
888.8	2.2
889.0	2.2
889.2	2.3
889.4	2.3
889.6	2.3
889.8	2.4
890.0	2.4
890.2	2.4
890.4	2.4
890.6	2.4
890.8	2.5
891.0	2.5
891.2	2.5
891.4	2.5
891.6	2.5
891.8	2.6
892.0	2.6
892.2	2.5
892.4	2.6
892.6	2.6
892.8	2.6
893.0	2.6
893.2	2.7
893.4	2.7
893.6	2.7
893.8	2.7
894.0	2.7
894.2	2.7
894.4	2.8
894.6	2.8
894.8	2.9
895.0	2.9
895.2	2.9
895.4	2.9
895.6	2.9
895.8	3.0
896.0	3.0
896.2	3.0
896.4	3.0
896.6	3.0
896.8	3.0
897.0	3.1
897.2	3.1
897.4	3.1
897.6	3.2
897.8	3.2
898.0	3.2
898.2	3.3
898.4	3.3
898.6	3.3
898.8	3.2
899.0	3.3
899.2	3.3
899.4	3.3
899.6	3.4
899.8	3.4
900.0	3.5
900.2	3.5
900.4	3.5
900.6	3.5
900.8	3.6
901.0	3.6
901.2	3.6
901.4	3.6
901.6	3.6
901.8	3.6
902.0	3.6
902.2	3.7
902.4	3.8
902.6	3.8
902.8	3.8
903.0	3.8
903.2	3.8
903.4	3.9
903.6	3.9
903.8	4.0
904.0	3.9
904.2	4.0
904.4	4.0
904.6	4.0
904.8	4.0
905.0	4.1
905.2	4.1
905.4	4.1
905.6	4.1
905.8	4.1
906.0	4.1
906.2	4.2
906.4	4.2
906.6	4.2
906.8	4.2
907.0	4.2
907.2	4.2
907.4	4.4
907.6	4.5
907.8	4.5
908.0	4.5
908.2	4.6
908.4	4.6
908.6	4.6
908.8	4.7
909.0	4.7
909.2	4.7
909.4	4.8
909.6	4.8
909.8	4.8
910.0	4.9
910.2	4.9
910.4	4.9
910.6	5.0
910.8	5.0
911.0	5.0
911.2	5.1
911.4	5.2
911.6	5.2
911.8	5.2
912.0	5.2
912.2	5.2
912.4	5.2
912.6	5.3
912.8	5.4
913.0	5.4
913.2	5.4
913.4	5.4
913.6	5.4
913.8	5.5
914.0	5.6
914.2	5.6
914.4	5.7
914.6	5.7
914.8	5.7
915.0	5.7
915.2	5.8
915.4	5.9
915.6	5.9
915.8	5.9
916.0	6.0
916.2	6.0
916.4	6.0
916.6	6.0
916.8	6.0
917.0	6.1
917.2	6.1
917.4	6.1
917.6	6.1
917.8	6.4
918.0	6.4
918.2	6.5
918.4	6.5
918.6	6.6
918.8	6.6
919.0	6.6
919.2	6.7
919.4	6.7
919.6	6.8
919.8	6.8
920.0	6.8
920.2	6.8
920.4	6.9
920.6	6.9
920.8	7.0
921.0	7.0
921.2	7.0
921.4	7.0
921.6	7.2
921.8	7.3
922.0	7.3
922.2	7.4
922.4	7.4
922.6	7.4
922.8	7.4
923.0	7.7
923.2	7.8
923.4	7.8
923.6	7.8
923.8	7.9
924.0	7.9
924.2	8.0
924.4	8.1
924.6	8.2
924.8	8.2
925.0	8.3
925.2	8.3
925.4	8.3
925.6	8.3
925.8	8.4
926.0	8.4
926.2	8.5
926.4	8.5
926.6	8.5
926.8	8.8
927.0	8.8
927.2	8.9
927.4	8.9
927.6	9.0
927.8	9.0
928.0	9.0
928.2	9.0
928.4	9.1
928.6	9.2
928.8	9.2
929.0	9.2
929.2	9.2
929.4	9.5
929.6	9.5
929.8	9.6
930.0	9.6
930.2	9.7
930.4	9.7
930.6	9.7
930.8	9.9
931.0	9.9
931.2	10.1
931.4	10.0
931.6	10.1
931.8	10.1
932.0	10.2
932.2	10.3
932.4	10.3
932.6	10.4
932.8	10.4
933.0	10.4
933.2	10.4
933.4	10.5
933.6	10.6
933.8	10.6
934.0	10.6
934.2	10.7
934.4	10.7
934.6	10.9
934.8	10.9
935.0	11.0
935.2	11.0
935.4	11.1
935.6	11.1
935.8	11.1
936.0	11.2
936.2	11.3
936.4	11.3
936.6	11.4
936.8	11.4
937.0	11.4
937.2	11.4
937.4	11.4
937.6	11.5
937.8	11.5
938.0	11.6
938.2	11.6
938.4	11.6
938.6	11.8
938.8	11.9
939.0	11.9
939.2	11.9
939.4	12.0
939.6	12.0
939.8	12.0
940.0	12.0
940.2	12.1
940.4	12.1
940.6	12.2
940.8	12.2
941.0	12.2
941.2	12.4
941.4	12.4
941.6	12.5
941.8	12.5
942.0	12.5
942.2	12.5
942.4	12.7
942.6	12.8
942.8	12.8
943.0	12.9
943.2	12.9
943.4	12.9
943.6	12.9
943.8	13.0
944.0	13.1
944.2	13.1
944.4	13.2
944.6	13.2
944.8	13.2
945.0	13.3
945.2	13.3
945.4	13.4
945.6	13.4
945.8	13.5
946.0	13.5
946.2	13.5
946.4	13.5
946.6	13.5
946.8	13.6
947.0	13.7
947.2	13.7
947.4	13.7
947.6	13.8
947.8	13.9
948.0	13.9
948.2	13.9
948.4	14.0
948.6	14.0
948.8	14.1
949.0	14.1
949.2	14.1
949.4	14.2
949.6	14.2
949.8	14.2
950.0	14.3
950.2	14.3
950.4	14.4
950.6	14.4
950.8	14.4
951.0	14.4
951.2	14.4
951.4	14.5
951.6	14.6
951.8	14.7
952.0	14.6
952.2	14.6
952.4	14.6
952.6	14.8
952.8	14.8
953.0	14.8
953.2	14.9
953.4	14.9
953.6	14.9
953.8	14.9
954.0	15.0
954.2	15.0
954.4	15.1
954.6	15.1
954.8	15.1
955.0	15.1
955.2	15.1
955.4	15.2
955.6	15.2
955.8	15.2
956.0	15.2
956.2	15.2
956.4	15.2
956.6	15.3
956.8	15.3
957.0	15.3
957.2	15.4
957.4	15.4
957.6	15.4
957.8	15.6
958.0	15.6
958.2	15.6
958.4	15.6
958.6	15.7
958.8	15.7
959.0	15.7
959.2	15.7
959.4	15.7
959.6	15.7
959.8	15.8
960.0	15.8
960.2	15.8
960.4	15.9
960.6	15.9
960.8	16.0
961.0	16.0
961.2	16.0
961.4	16.0
961.6	16.0
961.8	16.2
962.0	16.2
962.2	16.2
962.4	16.2
962.6	16.2
962.8	16.2
963.0	16.3
963.2	16.3
963.4	16.3
963.6	16.3
963.8	16.4
964.0	16.4
964.2	16.4
964.4	16.4
964.6	16.5
964.8	16.4
965.0	16.5
965.2	16.5
965.4	16.5
965.6	16.5
965.8	16.6
966.0	16.6
966.2	16.6
966.4	16.6
966.6	16.6
966.8	16.6
967.0	16.7
967.2	16.7
967.4	16.7
967.6	16.8
967.8	16.8
968.0	16.8
968.2	16.7
968.4	16.7
968.6	16.8
968.8	16.8
969.0	16.8
969.2	16.8
969.4	16.8
969.6	17.0
969.8	17.0
970.0	17.1
970.2	17.1
970.4	17.1
970.6	17.1
970.8	17.2
971.0	17.2
971.2	17.3
971.4	17.3
971.6	17.3
971.8	17.3
972.0	17.3
972.2	17.4
972.4	17.4
972.6	17.4
972.8	17.4
973.0	17.4
973.2	17.4
973.4	17.4
973.6	17.5
973.8	17.5
974.0	17.5
974.2	17.5
974.4	17.5
974.6	17.5
974.8	17.6
975.0	17.6
975.2	17.7
975.4	17.7
975.6	17.7
975.8	17.7
976.0	17.8
976.2	17.8
976.4	17.7
976.6	17.9
976.8	17.9
977.0	17.9
977.2	17.9
977.4	17.9
977.6	17.9
977.8	17.9
978.0	18.0
978.2	18.0
978.4	18.0
978.6	18.2
978.8	18.2
979.0	18.2
979.2	18.2
979.4	18.3
979.6	18.3
979.8	18.3
980.0	18.3
980.2	18.3
980.4	18.3
980.6	18.4
980.8	18.4
981.0	18.4
981.2	18.3
981.4	18.3
981.6	18.3
981.8	18.3
982.0	18.3
982.2	18.3
982.4	18.3
982.6	18.4
982.8	18.4
983.0	18.5
983.2	18.8
983.4	18.9
983.6	18.9
983.8	19.7
984.0	19.9
984.2	20.1
984.4	20.2
984.6	20.4
984.8	20.4
985.0	20.4
985.2	20.7
985.4	20.7
985.6	20.7
985.8	20.7
986.0	20.7
986.2	20.7
986.4	20.5
986.6	20.5
986.8	20.4
987.0	20.4
987.2	20.3
987.4	20.3
987.6	20.3
987.8	20.2
988.0	20.1
988.2	20.1
988.4	20.1
988.6	20.0
988.8	20.0
989.0	20.1
989.2	20.0
989.4	20.0
989.6	20.0
989.8	20.0
990.0	20.0
990.2	20.0
990.4	19.9
990.6	19.9
990.8	19.9
991.0	19.9
991.2	19.9
991.4	19.9
991.6	20.0
991.8	20.0
992.0	20.1
992.2	20.1
992.4	20.1
992.6	20.1
992.8	20.1
993.0	20.2
993.2	20.2
993.4	20.2
993.6	20.3
993.8	20.3
994.0	20.3
994.2	20.3
994.4	20.4
994.6	20.4
994.8	20.4
995.0	20.5
995.2	20.5
995.4	20.5
995.6	20.8
995.8	20.8
996.0	20.9
996.2	20.9
996.4	21.0
996.6	21.0
996.8	21.0
997.0	21.1
997.2	21.1
997.4	21.2
997.6	21.3
997.8	21.3
998.0	21.3
998.2	21.6
998.4	21.6
998.6	21.7
998.8	21.7
999.0	21.8
999.2	21.8
999.4	22.0
999.6	22.1
999.8	22.1
1000.0	22.2
1000.2	22.3
1000.4	22.3
1000.6	22.3
1000.8	22.3
1001.0	22.2
1001.2	22.4
1001.4	22.5
1001.6	22.5
1001.8	22.5
1002.0	22.8
1002.2	22.8
1002.4	22.8
1002.6	22.9
1002.8	23.0
1003.0	23.0
1003.2	23.0
1003.4	23.1
1003.6	23.2
1003.8	23.3
1004.0	23.3
1004.2	23.4
1004.4	23.4
1004.6	23.4
1004.8	23.5
1005.0	23.5
1005.2	23.6
1005.4	23.6
1005.6	23.6
1005.8	23.6
1006.0	24.0
1006.2	24.0
1006.4	24.1
1006.6	24.1
1006.8	24.2
1007.0	24.2
1007.2	24.3
1007.4	24.5
1007.6	24.5
1007.8	24.5
1008.0	24.6
1008.2	24.6
1008.4	24.6
1008.6	24.8
1008.8	24.8
1009.0	24.9
1009.2	25.0
1009.4	25.0
1009.6	25.0
1009.8	25.0
1010.0	25.1
1010.2	25.2
1010.4	25.3
1010.6	25.3
1010.8	25.3
1011.0	25.5
1011.2	25.6
1011.4	25.7
1011.6	25.7
1011.8	25.7
1012.0	25.7
1012.2	25.9
1012.4	26.0
1012.6	26.0
1012.8	26.1
1013.0	26.1
1013.2	26.1
1013.4	26.4
1013.6	26.4
1013.8	26.5
1014.0	26.6
1014.2	26.6
1014.4	26.6
1014.6	26.6
1014.8	26.7
1015.0	26.8
1015.2	26.8
1015.4	26.9
1015.6	26.9
1015.8	26.9
1016.0	27.1
1016.2	27.1
1016.4	27.2
1016.6	27.4
1016.8	27.3
1017.0	27.3
1017.2	27.3
1017.4	27.5
1017.6	27.6
1017.8	27.7
1018.0	27.7
1018.2	27.7
1018.4	27.7
1018.6	27.8
1018.8	27.9
1019.0	27.9
1019.2	27.9
1019.4	28.0
1019.6	28.0
1019.8	28.0
1020.0	28.1
1020.2	28.1
1020.4	28.2
1020.6	28.2
1020.8	28.3
1021.0	28.3
1021.2	28.4
1021.4	28.4
1021.6	28.5
1021.8	28.5
1022.0	28.6
1022.2	28.6
1022.4	28.6
1022.6	28.9
1022.8	28.9
1023.0	29.0
1023.2	29.0
1023.4	29.1
1023.6	29.1
1023.8	29.2
1024.0	29.3
1024.2	29.3
1024.4	29.4
1024.6	29.4
1024.8	29.4
1025.0	29.4
1025.2	29.6
1025.4	29.6
1025.6	29.7
1025.8	29.8
1026.0	29.8
1026.2	29.8
1026.4	29.8
1026.6	29.9
1026.8	29.9
1027.0	30.0
1027.2	30.0
1027.4	30.0
1027.6	30.0
1027.8	30.3
1028.0	30.4
1028.2	30.4
1028.4	30.5
1028.6	30.5
1028.8	30.5
1029.0	30.6
1029.2	30.7
1029.4	30.7
1029.6	30.8
1029.8	30.9
1030.0	30.9
1030.2	30.9
1030.4	31.0
1030.6	31.1
1030.8	31.1
1031.0	31.2
1031.2	31.2
1031.4	31.2
1031.6	31.4
1031.8	31.4
1032.0	31.4
1032.2	31.5
1032.4	31.6
1032.6	31.6
1032.8	31.6
1033.0	31.7
1033.2	31.8
1033.4	31.9
1033.6	31.9
1033.8	31.9
1034.0	31.9
1034.2	32.1
1034.4	32.1
1034.6	32.2
1034.8	32.2
1035.0	32.3
1035.2	32.3
1035.4	32.3
1035.6	32.5
1035.8	32.5
1036.0	32.6
1036.2	32.6
1036.4	32.7
1036.6	32.7
1036.8	32.8
1037.0	32.9
1037.2	32.9
1037.4	33.0
1037.6	33.0
1037.8	33.0
1038.0	33.0
1038.2	33.2
1038.4	33.3
1038.6	33.3
1038.8	33.4
1039.0	33.4
1039.2	33.4
1039.4	33.6
1039.6	33.6
1039.8	33.7
1040.0	33.7
1040.2	33.8
1040.4	33.8
1040.6	33.8
1040.8	34.0
1041.0	34.0
1041.2	34.1
1041.4	34.2
1041.6	34.2
1041.8	34.2
1042.0	34.3
1042.2	34.4
1042.4	34.4
1042.6	34.5
1042.8	34.6
1043.0	34.6
1043.2	34.6
1043.4	34.7
1043.6	34.8
1043.8	34.9
1044.0	34.9
1044.2	35.0
1044.4	35.0
1044.6	35.1
1044.8	35.2
1045.0	35.2
1045.2	35.3
1045.4	35.3
1045.6	35.3
1045.8	35.3
1046.0	35.6
1046.2	35.6
1046.4	35.7
1046.6	35.7
1046.8	35.8
1047.0	35.8
1047.2	35.9
1047.4	36.0
1047.6	36.1
1047.8	36.1
1048.0	36.2
1048.2	36.2
1048.4	36.2
1048.6	36.4
1048.8	36.4
1049.0	36.5
1049.2	36.6
1049.4	36.6
1049.6	36.6
1049.8	36.8
1050.0	36.8
1050.2	36.9
1050.4	37.0
1050.6	37.1
1050.8	37.1
1051.0	37.1
1051.2	37.1
1051.4	37.2
1051.6	37.3
1051.8	37.4
1052.0	37.4
1052.2	37.4
1052.4	37.5
1052.6	37.6
1052.8	37.7
1053.0	37.7
1053.2	37.7
1053.4	37.7
1053.6	37.7
1053.8	38.1
1054.0	38.2
1054.2	38.3
1054.4	38.4
1054.6	38.4
1054.8	38.4
1055.0	38.4
1055.2	38.6
1055.4	38.6
1055.6	38.7
1055.8	38.7
1056.0	38.7
1056.2	38.7
1056.4	39.0
1056.6	39.1
1056.8	39.2
1057.0	39.3
1057.2	39.3
1057.4	39.3
1057.6	39.4
1057.8	39.4
1058.0	39.5
1058.2	39.6
1058.4	39.6
1058.6	39.6
1058.8	39.6
1059.0	39.9
1059.2	40.0
1059.4	40.1
1059.6	40.2
1059.8	40.2
1060.0	40.2
1060.2	40.4
1060.4	40.5
1060.6	40.5
1060.8	40.6
1061.0	40.6
1061.2	40.6
1061.4	40.6
1061.6	40.9
1061.8	40.9
1062.0	41.0
1062.2	41.1
1062.4	41.1
1062.6	41.1
1062.8	41.2
1063.0	41.2
1063.2	41.3
1063.4	41.4
1063.6	41.4
1063.8	41.4
1064.0	41.4
1064.2	41.7
1064.4	41.7
1064.6	41.8
1064.8	41.9
1065.0	41.9
1065.2	41.9
1065.4	42.0
1065.6	42.1
1065.8	42.2
1066.0	42.2
1066.2	42.3
1066.4	42.3
1066.6	42.3
1066.8	42.5
1067.0	42.5
1067.2	42.6
1067.4	42.7
1067.6	42.7
1067.8	42.7
1068.0	42.8
1068.2	42.8
1068.4	42.9
1068.6	43.0
1068.8	43.0
1069.0	43.0
1069.2	43.0
1069.4	43.3
1069.6	43.4
1069.8	43.4
1070.0	43.5
1070.2	43.5
1070.4	43.5
1070.6	43.7
1070.8	43.8
1071.0	43.8
1071.2	43.9
1071.4	43.9
1071.6	43.9
1071.8	43.9
1072.0	44.0
1072.2	44.1
1072.4	44.1
1072.6	44.2
1072.8	44.2
1073.0	44.2
1073.2	44.4
1073.4	44.4
1073.6	44.5
1073.8	44.6
1074.0	44.6
1074.2	44.6
1074.4	44.8
1074.6	44.9
1074.8	45.0
1075.0	45.0
1075.2	45.1
1075.4	45.1
1075.6	45.2
1075.8	45.3
1076.0	45.3
1076.2	45.4
1076.4	45.4
1076.6	45.4
1076.8	45.5
1077.0	45.5
1077.2	45.5
1077.4	45.5
1077.6	45.6
1077.8	45.6
1078.0	45.6
1078.2	46.0
1078.4	46.0
1078.6	46.1
1078.8	46.1
1079.0	46.2
1079.2	46.2
1079.4	46.2
1079.6	46.3
1079.8	46.4
1080.0	46.4
1080.2	46.5
1080.4	46.5
1080.6	46.5
1080.8	46.6
1081.0	46.6
1081.2	46.7
1081.4	46.7
1081.6	46.8
1081.8	46.8
1082.0	47.0
1082.2	47.1
1082.4	47.2
1082.6	47.2
1082.8	47.3
1083.0	47.3
1083.2	47.3
1083.4	47.5
1083.6	47.6
1083.8	47.6
1084.0	47.6
1084.2	47.6
1084.4	47.6
1084.6	47.7
1084.8	47.7
1085.0	47.8
1085.2	47.8
1085.4	47.9
1085.6	47.9
1085.8	47.9
1086.0	48.2
1086.2	48.2
1086.4	48.3
1086.6	48.3
1086.8	48.4
1087.0	48.4
1087.2	48.5
1087.4	48.6
1087.6	48.6
1087.8	48.7
1088.0	48.7
1088.2	48.7
1088.4	48.7
1088.6	48.9
1088.8	49.0
1089.0	49.0
1089.2	49.1
1089.4	49.1
1089.6	49.1
1089.8	49.2
1090.0	49.2
1090.2	49.3
1090.4	49.3
1090.6	49.4
1090.8	49.4
1091.0	49.4
1091.2	49.7
1091.4	49.7
1091.6	49.8
1091.8	49.8
1092.0	49.9
1092.2	49.9
1092.4	50.0
1092.6	50.1
1092.8	50.1
1093.0	50.2
1093.2	50.2
1093.4	50.2
1093.6	50.2
1093.8	50.4
1094.0	50.4
1094.2	50.5
1094.4	50.6
1094.6	50.6
1094.8	50.6
1095.0	50.7
1095.2	50.8
1095.4	50.8
1095.6	50.9
1095.8	50.9
1096.0	50.9
1096.2	50.9
1096.4	51.1
1096.6	51.2
1096.8	51.2
1097.0	51.3
1097.2	51.3
1097.4	51.3
1097.6	51.4
1097.8	51.4
1098.0	51.5
1098.2	51.5
1098.4	51.6
1098.6	51.6
1098.8	51.6
1099.0	51.8
1099.2	51.9
1099.4	51.9
1099.6	52.0
1099.8	52.0
1100.0	52.0
1100.2	52.1
1100.4	52.1
1100.6	52.2
1100.8	52.3
1101.0	52.3
1101.2	52.3
1101.4	52.3
1101.6	52.5
1101.8	52.5
1102.0	52.6
1102.2	52.6
1102.4	52.7
1102.6	52.7
1102.8	52.7
1103.0	52.8
1103.2	52.9
1103.4	52.9
1103.6	53.0
1103.8	53.0
1104.0	53.0
1104.2	53.2
1104.4	53.3
1104.6	53.3
1104.8	53.4
1105.0	53.4
1105.2	53.4
1105.4	53.5
1105.6	53.5
1105.8	53.6
1106.0	53.6
1106.2	53.7
1106.4	53.7
1106.6	53.7
1106.8	53.9
1107.0	54.0
1107.2	54.0
1107.4	54.1
1107.6	54.1
1107.8	54.1
1108.0	54.2
1108.2	54.3
1108.4	54.4
1108.6	54.4
1108.8	54.4
1109.0	54.4
1109.2	54.4
1109.4	54.5
1109.6	54.6
1109.8	54.6
1110.0	54.7
1110.2	54.7
1110.4	54.7
1110.6	54.8
1110.8	54.9
1111.0	54.9
1111.2	55.0
1111.4	55.1
1111.6	55.1
1111.8	55.1
1112.0	55.3
1112.2	55.4
1112.4	55.4
1112.6	55.5
1112.8	55.5
1113.0	55.5
1113.2	55.5
1113.4	55.6
1113.6	55.6
1113.8	55.7
1114.0	55.7
1114.2	55.7
1114.4	55.7
1114.6	56.0
1114.8	56.0
1115.0	56.1
1115.2	56.2
1115.4	56.1
1115.6	56.1
1115.8	56.3
1116.0	56.3
1116.2	56.4
1116.4	56.4
1116.6	56.5
1116.8	56.5
1117.0	56.5
1117.2	56.5
1117.4	56.6
1117.6	56.6
1117.8	56.7
1118.0	56.7
1118.2	56.7
1118.4	56.8
1118.6	56.9
1118.8	56.9
1119.0	57.0
1119.2	57.0
1119.4	57.0
1119.6	57.0
1119.8	57.3
1120.0	57.4
1120.2	57.4
1120.4	57.4
1120.6	57.5
1120.8	57.5
1121.0	57.5
1121.2	57.5
1121.4	57.6
1121.6	57.6
1121.8	57.7
1122.0	57.7
1122.2	57.7
1122.4	57.8
1122.6	57.9
1122.8	57.9
1123.0	58.0
1123.2	58.0
1123.4	58.0
1123.6	58.2
1123.8	58.3
1124.0	58.3
1124.2	58.4
1124.4	58.4
1124.6	58.4
1124.8	58.4
1125.0	58.4
1125.2	58.5
1125.4	58.5
1125.6	58.6
1125.8	58.6
1126.0	58.6
1126.2	58.7
1126.4	58.8
1126.6	58.8
1126.8	58.9
1127.0	58.9
1127.2	58.9
1127.4	58.9
1127.6	59.1
1127.8	59.1
1128.0	59.2
1128.2	59.2
1128.4	59.2
1128.6	59.2
1128.8	59.3
1129.0	59.4
1129.2	59.4
1129.4	59.5
1129.6	59.5
1129.8	59.5
1130.0	59.5
1130.2	59.6
1130.4	59.6
1130.6	59.7
1130.8	59.7
1131.0	59.7
1131.2	59.7
1131.4	60.0
1131.6	60.0
1131.8	60.0
1132.0	60.1
1132.2	60.1
1132.4	60.1
1132.6	60.1
1132.8	60.3
1133.0	60.3
1133.2	60.4
1133.4	60.4
1133.6	60.4
1133.8	60.4
1134.0	60.5
1134.2	60.6
1134.4	60.6
1134.6	60.7
1134.8	60.7
1135.0	60.7
1135.2	60.7
1135.4	60.8
1135.6	60.8
1135.8	60.8
1136.0	60.9
1136.2	60.9
1136.4	60.9
1136.6	61.1
1136.8	61.2
1137.0	61.2
1137.2	61.3
1137.4	61.3
1137.6	61.3
1137.8	61.4
1138.0	61.5
1138.2	61.5
1138.4	61.5
1138.6	61.6
1138.8	61.6
1139.0	61.6
1139.2	61.7
1139.4	61.8
1139.6	61.8
1139.8	61.8
1140.0	61.9
1140.2	61.9
1140.4	62.0
1140.6	62.0
1140.8	62.1
1141.0	62.1
1141.2	62.1
1141.4	62.1
1141.6	62.1
1141.8	62.3
1142.0	62.3
1142.2	62.4
1142.4	62.4
1142.6	62.4
1142.8	62.4
1143.0	62.5
1143.2	62.6
1143.4	62.6
1143.6	62.6
1143.8	62.7
1144.0	62.7
1144.2	62.7
1144.4	62.7
1144.6	62.8
1144.8	62.8
1145.0	62.9
1145.2	62.9
1145.4	62.9
1145.6	63.0
1145.8	63.0
1146.0	63.1
1146.2	63.1
1146.4	63.2
1146.6	63.2
1146.8	63.2
1147.0	63.3
1147.2	63.3
1147.4	63.4
1147.6	63.4
1147.8	63.4
1148.0	63.4
1148.2	63.4
1148.4	63.4
1148.6	63.5
1148.8	63.5
1149.0	63.6
1149.2	63.6
1149.4	63.6
1149.6	63.8
1149.8	63.9
1150.0	63.9
1150.2	63.9
1150.4	63.9
1150.6	63.9
1150.8	64.0
1151.0	64.1
1151.2	64.1
1151.4	64.2
1151.6	64.2
1151.8	64.2
1152.0	64.2
1152.2	64.3
1152.4	64.4
1152.6	64.4
1152.8	64.5
1153.0	64.5
1153.2	64.5
1153.4	64.5
1153.6	64.5
1153.8	64.5
1154.0	64.6
1154.2	64.6
1154.4	64.6
1154.6	64.6
1154.8	64.8
1155.0	64.9
1155.2	64.9
1155.4	65.0
1155.6	65.0
1155.8	65.0
1156.0	65.1
1156.2	65.1
1156.4	65.2
1156.6	65.2
1156.8	65.2
1157.0	65.2
1157.2	65.2
1157.4	65.4
1157.6	65.4
1157.8	65.5
1158.0	65.5
1158.2	65.5
1158.4	65.5
1158.6	65.6
1158.8	65.6
1159.0	65.7
1159.2	65.7
1159.4	65.8
1159.6	65.8
1159.8	65.8
1160.0	65.9
1160.2	65.9
1160.4	66.0
1160.6	66.0
1160.8	66.0
1161.0	66.0
1161.2	66.0
1161.4	66.0
1161.6	66.1
1161.8	66.1
1162.0	66.1
1162.2	66.1
1162.4	66.1
1162.6	66.4
1162.8	66.4
1163.0	66.4
1163.2	66.5
1163.4	66.5
1163.6	66.5
1163.8	66.6
1164.0	66.6
1164.2	66.7
1164.4	66.7
1164.6	66.7
1164.8	66.7
1165.0	66.7
1165.2	66.8
1165.4	66.9
1165.6	66.9
1165.8	67.0
1166.0	67.0
1166.2	67.0
1166.4	67.1
1166.6	67.1
1166.8	67.1
1167.0	67.2
1167.2	67.2
1167.4	67.2
1167.6	67.2
1167.8	67.3
1168.0	67.4
1168.2	67.4
1168.4	67.4
1168.6	67.5
1168.8	67.5
1169.0	67.5
1169.2	67.5
1169.4	67.5
1169.6	67.5
1169.8	67.6
1170.0	67.6
1170.2	67.6
1170.4	67.7
1170.6	67.7
1170.8	67.8
1171.0	67.8
1171.2	67.8
1171.4	67.8
1171.6	67.9
1171.8	68.0
1172.0	68.0
1172.2	68.0
1172.4	68.1
1172.6	68.1
1172.8	68.1
1173.0	68.0
1173.2	68.1
1173.4	68.1
1173.6	68.1
1173.8	68.2
1174.0	68.2
1174.2	68.4
1174.4	68.4
1174.6	68.4
1174.8	68.5
1175.0	68.5
1175.2	68.5
1175.4	68.5
1175.6	68.7
1175.8	68.7
1176.0	68.8
1176.2	68.8
1176.4	68.8
1176.6	68.8
1176.8	68.7
1177.0	68.7
1177.2	68.8
1177.4	68.8
1177.6	68.8
1177.8	68.8
1178.0	68.8
1178.2	68.9
1178.4	69.0
1178.6	69.0
1178.8	69.0
1179.0	69.0
1179.2	69.0
1179.4	69.2
1179.6	69.2
1179.8	69.3
1180.0	69.3
1180.2	69.3
1180.4	69.3
1180.6	69.3
1180.8	69.2
1181.0	69.2
1181.2	69.3
1181.4	69.3
1181.6	69.3
1181.8	69.3
1182.0	69.4
1182.2	69.4
1182.4	69.4
1182.6	69.4
1182.8	69.4
1183.0	69.4
1183.2	69.4
1183.4	69.3
1183.6	69.3
1183.8	69.3
1184.0	69.3
1184.2	69.3
1184.4	69.3
1184.6	69.4
1184.8	69.4
1185.0	69.4
1185.2	69.4
1185.4	69.4
1185.6	69.4
1185.8	69.4
1186.0	69.3
1186.2	69.3
1186.4	69.3
1186.6	69.3
1186.8	69.3
1187.0	69.3
1187.2	69.3
1187.4	69.3
1187.6	69.3
1187.8	69.3
1188.0	69.3
1188.2	69.3
1188.4	69.3
1188.6	69.4
1188.8	69.4
1189.0	69.4
1189.2	69.4
1189.4	69.4
1189.6	69.4
1189.8	69.3
1190.0	69.3
1190.2	69.3
1190.4	69.2
1190.6	69.3
1190.8	69.3
1191.0	69.3
1191.2	69.4
1191.4	69.4
1191.6	69.4
1191.8	69.4
1192.0	69.4
1192.2	69.4
1192.4	69.2
1192.6	69.2
1192.8	69.2
1193.0	69.2
1193.2	69.2
1193.4	69.2
1193.6	69.2
1193.8	69.4
1194.0	69.3
1194.2	69.3
1194.4	69.3
1194.6	69.3
1194.8	69.3
1195.0	69.2
1195.2	69.2
1195.4	69.2
1195.6	69.2
1195.8	69.2
1196.0	69.2
1196.2	69.2
1196.4	69.2
1196.6	69.2
1196.8	69.2
1197.0	69.2
1197.2	69.2
1197.4	69.2
1197.6	69.2
1197.8	69.2
1198.0	69.2
1198.2	69.1
1198.4	69.1
1198.6	69.1
1198.8	69.1
1199.0	69.2
1199.2	69.1
1199.4	69.2
1199.6	69.2
1199.8	69.2
1200.0	69.2
1200.2	69.2
1200.4	69.2
1200.6	69.2
1200.8	69.2
1201.0	69.2
1201.2	69.2
1201.4	69.2
1201.6	69.2
1201.8	69.2
1202.0	69.2
1202.2	69.2
1202.4	69.2
1202.6	69.1
1202.8	69.1
1203.0	69.1
1203.2	69.1
1203.4	69.1
1203.6	69.1
1203.8	69.0
1204.0	69.0
1204.2	69.0
1204.4	69.0
1204.6	69.0
1204.8	69.0
1205.0	69.0
1205.2	69.0
1205.4	69.0
1205.6	69.0
1205.8	69.1
1206.0	69.0
1206.2	69.0
1206.4	69.0
1206.6	69.0
1206.8	69.0
1207.0	69.0
1207.2	69.0
1207.4	69.0
1207.6	69.0
1207.8	69.0
1208.0	69.1
1208.2	69.0
1208.4	69.0
1208.6	69.0
1208.8	69.0
1209.0	68.9
1209.2	68.9
1209.4	68.9
1209.6	68.9
1209.8	68.9
1210.0	68.9
1210.2	68.9
1210.4	69.0
1210.6	69.0
1210.8	69.0
1211.0	68.9
1211.2	68.9
1211.4	68.9
1211.6	68.9
1211.8	68.8
1212.0	68.8
1212.2	68.8
1212.4	68.8
1212.6	68.8
1212.8	68.8
1213.0	68.9
1213.2	68.9
1213.4	68.9
1213.6	68.9
1213.8	68.9
1214.0	68.9
1214.2	68.8
1214.4	68.8
1214.6	68.8
1214.8	68.8
1215.0	68.8
1215.2	68.8
1215.4	68.8
1215.6	68.8
1215.8	68.8
1216.0	68.8
1216.2	68.8
1216.4	68.8
1216.6	68.8
1216.8	68.8
1217.0	68.8
1217.2	68.8
1217.4	68.8
1217.6	68.8
1217.8	68.8
1218.0	68.8
1218.2	68.8
1218.4	68.7
1218.6	68.7
1218.8	68.7
1219.0	68.7
1219.2	68.7
1219.4	68.6
1219.6	68.6
1219.8	68.6
1220.0	68.6
1220.2	68.6
1220.4	68.6
1220.6	68.6
1220.8	68.7
1221.0	68.7
1221.2	68.7
1221.4	68.7
1221.6	68.7
1221.8	68.7
1222.0	68.7
1222.2	68.7
1222.4	68.7
1222.6	68.7
1222.8	68.7
1223.0	68.7
1223.2	68.7
1223.4	68.5
1223.6	68.4
1223.8	68.4
1224.0	68.4
1224.2	68.4
1224.4	68.4
1224.6	68.5
1224.8	68.5
1225.0	68.5
1225.2	68.5
1225.4	68.5
1225.6	68.5
1225.8	68.5
1226.0	68.3
1226.2	68.3
1226.4	68.3
1226.6	68.3
1226.8	68.3
1227.0	68.3
1227.2	68.4
1227.4	68.3
1227.6	68.4
1227.8	68.3
1228.0	68.3
1228.2	68.3
1228.4	68.3
1228.6	68.4
1228.8	68.3
1229.0	68.3
1229.2	68.3
1229.4	68.3
1229.6	68.3
1229.8	68.1
1230.0	68.2
1230.2	68.1
1230.4	68.1
1230.6	68.1
1230.8	68.1
1231.0	68.1
1231.2	68.1
1231.4	68.1
1231.6	68.1
1231.8	68.1
1232.0	68.0
1232.2	68.0
1232.4	68.1
1232.6	68.1
1232.8	68.1
1233.0	68.1
1233.2	68.1
1233.4	68.1
1233.6	68.1
1233.8	68.1
1234.0	68.1
1234.2	68.0
1234.4	68.0
1234.6	68.1
1234.8	68.1
1235.0	68.0
1235.2	68.0
1235.4	68.0
1235.6	67.9
1235.8	68.0
1236.0	68.0
1236.2	68.0
1236.4	67.9
1236.6	67.9
1236.8	67.8
1237.0	67.8
1237.2	67.8
1237.4	67.8
1237.6	67.9
1237.8	67.9
1238.0	67.9
1238.2	67.9
1238.4	67.9
1238.6	67.9
1238.8	67.9
1239.0	67.7
1239.2	67.8
1239.4	67.7
1239.6	67.7
1239.8	67.7
1240.0	67.7
1240.2	67.9
1240.4	67.9
1240.6	67.9
1240.8	67.9
1241.0	67.9
1241.2	67.9
1241.4	67.9
1241.6	67.7
1241.8	67.7
1242.0	67.7
1242.2	67.7
1242.4	67.7
1242.6	67.7
1242.8	67.6
1243.0	67.6
1243.2	67.6
1243.4	67.6
1243.6	67.6
1243.8	67.6
1244.0	67.6
1244.2	67.6
1244.4	67.6
1244.6	67.6
1244.8	67.6
1245.0	67.6
1245.2	67.6
1245.4	67.5
1245.6	67.5
1245.8	67.5
1246.0	67.5
1246.2	67.5
1246.4	67.5
1246.6	67.5
1246.8	67.4
1247.0	67.4
1247.2	67.4
1247.4	67.4
1247.6	67.4
1247.8	67.4
1248.0	67.5
1248.2	67.5
1248.4	67.5
1248.6	67.4
1248.8	67.4
1249.0	67.4
1249.2	67.4
1249.4	67.5
1249.6	67.5
1249.8	67.5
1250.0	67.5
1250.2	67.5
1250.4	67.5
1250.6	67.3
1250.8	67.4
1251.0	67.4
1251.2	67.4
1251.4	67.3
1251.6	67.3
1251.8	67.3
1252.0	67.4
1252.2	67.4
1252.4	67.4
1252.6	67.4
1252.8	67.4
1253.0	67.4
1253.2	67.2
1253.4	67.3
1253.6	67.2
1253.8	67.2
1254.0	67.2
1254.2	67.2
1254.4	67.2
1254.6	67.3
1254.8	67.3
1255.0	67.3
1255.2	67.3
1255.4	67.3
1255.6	67.3
1255.8	67.1
1256.0	67.1
1256.2	67.1
1256.4	67.1
1256.6	67.1
1256.8	67.1
1257.0	67.1
1257.2	67.2
1257.4	67.1
1257.6	67.1
1257.8	67.2
1258.0	67.1
1258.2	67.1
1258.4	67.1
1258.6	67.1
1258.8	67.1
1259.0	67.1
1259.2	67.1
1259.4	67.1
1259.6	67.1
1259.8	67.0
1260.0	67.1
1260.2	67.0
1260.4	67.0
1260.6	67.0
1260.8	67.0
1261.0	66.9
1261.2	66.9
1261.4	66.9
1261.6	66.9
1261.8	66.9
1262.0	66.9
1262.2	66.9
1262.4	66.8
1262.6	66.8
1262.8	66.8
1263.0	66.8
1263.2	66.8
1263.4	66.8
1263.6	66.9
1263.8	66.9
1264.0	66.9
1264.2	66.9
1264.4	66.9
1264.6	66.9
1264.8	66.9
1265.0	66.7
1265.2	66.7
1265.4	66.7
1265.6	66.7
1265.8	66.7
1266.0	66.7
1266.2	66.9
1266.4	66.9
1266.6	66.9
1266.8	66.8
1267.0	66.8
1267.2	66.8
1267.4	66.8
1267.6	66.6
1267.8	66.5
1268.0	66.6
1268.2	66.6
1268.4	66.6
1268.6	66.6
1268.8	66.5
1269.0	66.5
1269.2	66.5
1269.4	66.5
1269.6	66.5
1269.8	66.5
1270.0	66.5
1270.2	66.4
1270.4	66.4
1270.6	66.4
1270.8	66.4
1271.0	66.4
1271.2	66.4
1271.4	66.5
1271.6	66.5
1271.8	66.5
1272.0	66.5
1272.2	66.5
1272.4	66.5
1272.6	66.5
1272.8	66.5
1273.0	66.4
1273.2	66.4
1273.4	66.4
1273.6	66.4
1273.8	66.4
1274.0	66.3
1274.2	66.3
1274.4	66.3
1274.6	66.3
1274.8	66.3
1275.0	66.3
1275.2	66.3
1275.4	66.2
1275.6	66.2
1275.8	66.2
1276.0	66.2
1276.2	66.2
1276.4	66.2
1276.6	66.3
1276.8	66.3
1277.0	66.3
1277.2	66.3
1277.4	66.2
1277.6	66.2
1277.8	66.2
1278.0	66.2
1278.2	66.2
1278.4	66.2
1278.6	66.2
1278.8	66.2
1279.0	66.2
1279.2	66.2
1279.4	66.2
1279.6	66.1
1279.8	66.1
1280.0	66.1
1280.2	66.1
1280.4	66.1
1280.6	66.1
1280.8	66.1
1281.0	66.1
1281.2	66.1
1281.4	66.0
1281.6	66.0
1281.8	66.0
1282.0	66.0
1282.2	66.0
1282.4	66.0
1282.6	66.0
1282.8	66.0
1283.0	66.0
1283.2	66.0
1283.4	66.0
1283.6	66.0
1283.8	65.9
1284.0	65.9
1284.2	65.9
1284.4	66.0
1284.6	66.0
1284.8	66.0
1285.0	66.0
1285.2	66.0
1285.4	66.0
1285.6	66.0
1285.8	65.8
1286.0	65.9
1286.2	65.8
1286.4	65.8
1286.6	65.8
1286.8	65.8
1287.0	65.8
1287.2	65.8
1287.4	65.8
1287.6	65.8
1287.8	65.7
1288.0	65.7
1288.2	65.7
1288.4	65.7
1288.6	65.7
1288.8	65.7
1289.0	65.7
1289.2	65.7
1289.4	65.7
1289.6	65.7
1289.8	65.7
1290.0	65.7
1290.2	65.7
1290.4	65.7
1290.6	65.7
1290.8	65.7
1291.0	65.6
1291.2	65.6
1291.4	65.6
1291.6	65.6
1291.8	65.5
1292.0	65.5
1292.2	65.5
1292.4	65.5
1292.6	65.5
1292.8	65.5
1293.0	65.5
1293.2	65.5
1293.4	65.5
1293.6	65.5
1293.8	65.5
1294.0	65.4
1294.2	65.5
1294.4	65.5
1294.6	65.5
1294.8	65.5
1295.0	65.5
1295.2	65.5
1295.4	65.5
1295.6	65.5
1295.8	65.5
1296.0	65.5
1296.2	65.4
